area_type,location,size,total_sqft,bath,balcony,price
Super built0up  Area,Electronic City Phase II,2 BHK,1056,2,1,39.07
Plot  Area,Chikka Tirupathi,4 BHK,2600,5,3,120
Built0up  Area,Uttarahalli,3 BHK,1440,2,3,62
Super built0up  Area,Lingadheeranahalli,3 BHK,1521,3,1,95
Super built0up  Area,Kothanur,2 BHK,1200,2,1,51
Super built0up  Area,Whitefield,2 BHK,1170,2,1,38
Super built0up  Area,Old Airport Road,4 BHK,2732,4,1,204
Super built0up  Area,Rajaji Nagar,4 BHK,3300,4,1,600
Super built0up  Area,Marathahalli,3 BHK,1310,3,1,63.25
Plot  Area,Gandhi Bazar,6 BHK,1020,6,1,370
Super built0up  Area,7th Phase JP Nagar,2 BHK,1000,2,1,38
Built0up  Area,Gottigere,2 BHK,1100,2,2,40
Plot  Area,Sarjapur,3 BHK,2250,3,2,148
Super built0up  Area,Mysore Road,2 BHK,1175,2,2,73.5
Super built0up  Area,Bisuvanahalli,3 BHK,1180,3,2,48
Super built0up  Area,Raja Rajeshwari Nagar,3 BHK,1540,3,3,60
Super built0up  Area,Ramakrishnappa Layout,3 BHK,2770,4,2,290
Super built0up  Area,Manayata Tech Park,2 BHK,1100,2,2,48
Built0up  Area,Kengeri,1 BHK,600,1,1,15
Super built0up  Area,Binny Pete,3 BHK,1755,3,1,122
Plot  Area,Thanisandra,4 BHK,2800,5,2,380
Super built0up  Area,Bellandur,3 BHK,1767,3,1,103
Super built0up  Area, Thanisandra,1 RK,510,1,0,25.25
Super built0up  Area,Mangammanapalya,3 BHK,1250,3,2,56
Super built0up  Area,Electronic City,2 BHK,660,1,1,23.1
Super built0up  Area,Ramagondanahalli,2 BHK,1151,2,2,48.77
Super built0up  Area,Yelahanka,4 BHK,2100 0 2850,4,0,186
Super built0up  Area,Hebbal,3 BHK,1760,2,2,123
Built0up  Area,Kasturi Nagar,3 BHK,1925,3,1,125
Super built0up  Area,Kanakpura Road,2 BHK,700,2,1,36
Super built0up  Area,Electronics City Phase 1,2 BHK,1070,2,1,45.5
Super built0up  Area,Kundalahalli,3 BHK,1724,3,2,125
Super built0up  Area,Chikkalasandra,3 BHK,1290,2,2,56.12
Built0up  Area,Murugeshpalya,2 BHK,1296,2,1,81
Super built0up  Area,Sarjapur  Road,3 BHK,1254,3,2,38
Super built0up  Area,Ganga Nagar,1 BHK,600,1,0,38
Plot  Area,HSR Layout,8 BHK,600,9,1,200
Super built0up  Area,Doddathoguru,2 BHK,970,2,0,33
Plot  Area,KR Puram,2 BHK,800,1,1,130
Built0up  Area,Himagiri Meadows,2 BHK,869,2,1,36
Super built0up  Area,Adarsh Nagar,2 BHK,1270,2,1,50
Super built0up  Area,Bhoganhalli,3 BHK,1670,3,1,99
Super built0up  Area,Lakshminarayana Pura,2 BHK,1185,2,2,75
Super built0up  Area,Begur Road,2 BHK,1200,2,2,44
Built0up  Area,Devanahalli,4 BHK,3010 0 3410,1,1,192
Super built0up  Area,Govindaraja Nagar Ward,2 BHK,840,2,2,45
Plot  Area,Tharabanahalli,3 BHK,4395,3,2,240
Built0up  Area,Varthur,2 BHK,1160,2,2,44
Built0up  Area,Bommanahalli,8 BHK,3000,8,0,140
Super built0up  Area,Gunjur,2 BHK,1140,2,3,43
Plot  Area,Devarachikkanahalli,8 BHK,1350,7,0,85
Plot  Area,Double Road,3 BHK,500,3,2,100
Super built0up  Area,Hegde Nagar,3 BHK,1569,3,1,101
Super built0up  Area,Haralur Road,2 BHK,1240,2,1,70
Super built0up  Area,Hennur Road,3 BHK,2089,3,2,140
Super built0up  Area,Kothannur,2 BHK,1206,2,1,48.23
Super built0up  Area,Kalena Agrahara,2 BHK,1150,2,3,40
Built0up  Area,Cholanayakanahalli,3 BHK,2511,3,3,205
Built0up  Area,Kaval Byrasandra,2 BHK,460,1,0,22
Built0up  Area,ISRO Layout,6 BHK,4400,6,3,250
Super built0up  Area,Kodanda Reddy Layout,3 BHK,1660,2,2,105
Super built0up  Area,Garudachar Palya,3 BHK,1325,2,2,60.8
Super built0up  Area,EPIP Zone,3 BHK,1499,5,2,102
Super built0up  Area,Dasanapura,2 BHK,708,2,2,37
Super built0up  Area,Kasavanhalli,2 BHK,1060,2,2,58.06
Built0up  Area,Sanjay nagar,2 BHK,1000,2,2,70
Super built0up  Area, Mysore Highway,3 BHK,1450,2,2,70
Super built0up  Area,Domlur,3 BHK,1540,3,2,90
Super built0up  Area,Sarjapura 0 Attibele Road,3 BHK,1330,2,1,48
Built0up  Area,Devasthanagalu,2 BHK,1200,2,1,65
Built0up  Area,T Dasarahalli,3 BHK,1200,3,1,90
Super built0up  Area,Yeshwanthpur,3 BHK,2502,3,3,138
Built0up  Area,Chandapura,2 BHK,650,1,1,17
Super built0up  Area,Green View Layout,2 BHK,1007,2,2,43
Super built0up  Area,Shantiniketan Layout,2 BHK,1200,2,2,50
Super built0up  Area,Peenya,2 BHK,966,2,2,49.9
Built0up  Area,Nagarbhavi,3 BHK,1630,2,1,98
Built0up  Area,Jalahalli West,2 BHK,782,2,2,55.68
Super built0up  Area,Lakshmiamma Garden,3 BHK,1800,3,3,120
Super built0up  Area,Byatarayanapura,3 BHK,1413,2,2,75
Built0up  Area,Ramamurthy Nagar,4 BHK,3700,4,1,225
Super built0up  Area,Malleshwaram,2 BHK,1100,2,2,75
Super built0up  Area,Akshaya Nagar,3 BHK,2061,3,1,200
Built0up  Area,Shampura,4 BHK,2650,4,2,150
Built0up  Area,Kadugodi,2 BHK,1050,2,1,34
Built0up  Area,LB Shastri Nagar,3 BHK,1600,3,2,65
Super built0up  Area,Vajarahalli,2 BHK,945,2,1,54
Super built0up  Area,Hormavu,2 BHK,1500,2,1,78
Plot  Area,Vishwapriya Layout,7 BHK,950,7,0,115
Plot  Area,Ramaswamy Palya 0 Kammanahalli Main Road,4 BHK,1200,4,0,210
Super built0up  Area,Kudlu Gate,3 BHK,1535,3,2,83
Super built0up  Area,8th Phase JP Nagar,2 BHK,1042 0 1105,2,0,54.005
Super built0up  Area,Bommasandra Industrial Area,3 BHK,1280,3,1,50.4
Super built0up  Area,Chandra Layout,3 BHK,1260,2,2,85.05
Super built0up  Area,Anandapura,2 BHK,1167,2,1,43.76
Super built0up  Area,Vishveshwarya Layout,7 BHK,4000,7,2,225
Super built0up  Area,Kengeri Satellite Town,2 BHK,890,2,1,35
Super built0up  Area,Basavanapura,3 BHK,1612,3,3,46.74
Plot  Area,Dinnur,6 BHK,1034,5,1,185
Super built0up  Area,Kannamangala,2 BHK,957,2,1,58
Super built0up  Area, Devarachikkanahalli,3 BHK,1250,2,3,44
Super built0up  Area,Sanjeevini Nagar,3 BHK,2795,4,1,235
Super built0up  Area,Hulimavu,2 BHK,1125,2,2,50
Plot  Area,Mahalakshmi Layout,4 BHK,3750,4,0,760
Built0up  Area,Yarandahalli,3 BHK,1350,2,3,48
Super built0up  Area,Hosa Road,2 BHK,1063,2,1,32
Super built0up  Area,Keshava Nagar,3 BHK,1904,3,1,150
Super built0up  Area,RMV Extension,3 BHK,2000,3,1,175
Super built0up  Area,Tejaswini Nagar,3 BHK,1425,2,2,75
Built0up  Area,Jai Bheema Nagar,3 BHK,1470,2,2,70
Super built0up  Area,Kothnur Narayanapura,6 BHK,1300,6,0,99
Super built0up  Area,Attibele,1 BHK,450,1,1,11
Super built0up  Area,CV Raman Nagar,3 BHK,1550,3,3,65
Plot  Area,CHIKKATIRUPATHI,3 BHK,1500,3,2,100
Plot  Area,Kumaraswami Layout,5 BHK,600,3,2,85
Plot  Area,Nagavara,1 BHK,400,1,0,14
Super built0up  Area,Hebbal Kempapura,3 BHK,1700,3,2,155
Super built0up  Area,Vijayanagar,3 BHK,1704,3,2,110
Plot  Area,8th block Koramangala,3 BHK,1846,3,2,300
Super built0up  Area,Jakkuru Layout,2 BHK,1340,2,2,55.7
Super built0up  Area,Pattandur Agrahara,3 BHK,1550,2,3,80
Plot  Area,Ejipura,7 BHK,1800,7,1,250
Built0up  Area,MS Pallya,3 BHK,1783,3,1,115
Super built0up  Area,Nagasandra,2 BHK,980,2,1,48
Super built0up  Area,Langford Town,3 BHK,912,2,1,70
Super built0up  Area,Kogilu,3 BHK,1909,3,2,88
Super built0up  Area,Panathur,2 BHK,1359,2,1,87
Built0up  Area,Nagondanahalli,2 BHK,1207,2,2,43.5
Plot  Area,Padmanabhanagar,4 BHK,1736,6,0,190
Super built0up  Area,1st Block Jayanagar,4 BHK,2850,4,1,428
Super built0up  Area,Kammasandra,3 BHK,1595,3,2,65
Built0up  Area,"Off Sarjapur Road, ",3 BHK,1798,3,2,89
Super built0up  Area,Tala Cauvery Layout,3 BHK,1580,3,3,100
Super built0up  Area,Dasarahalli,2 BHK,1295,2,1,65
Built0up  Area,Magadi Road,6 BHK,3600,6,0,141
Super built0up  Area,Ngef Layout,3 BHK,1415,3,3,78
Super built0up  Area,Koramangala,3 BHK,1475,2,3,90
Built0up  Area,"Lakshminarayanapura, Electronic City Phase 2",4 BHK,2000,4,1,75.5
Super built0up  Area,Muthurayya Swamy Layout,3 BHK,2405,4,2,260
Super built0up  Area,Dommasandra,2 BHK,805,2,1,22.14
Super built0up  Area,Budigere,2 BHK,1153,2,2,56.4
Super built0up  Area,Dodda Nekkundi Extension,2 BHK,1148,2,2,60
Super built0up  Area,Mylasandra,2 BHK,1110,2,2,55
Super built0up  Area,Kalyan nagar,2 BHK,1290,2,2,110
Super built0up  Area,Dr Shivarama Karantha Nagar,3 BHK,1500,2,1,65
Super built0up  Area,Bank Of Baroda Colony,2 BHK,1080,2,2,39
Built0up  Area,Kullappa Colony,2 BHK,1060,2,2,60
Plot  Area,Mukkutam Nagar,8 BHK,2600,8,2,180
Super built0up  Area,Ashwath Nagar,3 BHK,1644,3,3,84
Super built0up  Area,Ncpr Industrial Layout,2 BHK,1285,2,3,72.5
Plot  Area,Meenakunte,3 BHK,4050,3,2,280
Super built0up  Area,OMBR Layout,3 BHK,2420,3,2,185
Built0up  Area,Anand Nagar,2 BHK,1060,2,2,55
Super built0up  Area,Shree Ananth Nagar Layout,2 BHK,900,2,2,22.5
Built0up  Area,Kundalahalli Colony,2 BHK,1280,2,1,69
Plot  Area,Horamavu Agara,4 BHK,1200,2,0,95
Plot  Area,MCECHS  layout,5 BHK,1200,5,1,170
Super built0up  Area,Coffee Board Layout,3 BHK,3045,3,2,170
Plot  Area,Ambedkar Nagar,4 BHK,2900,3,2,300
Super built0up  Area,KUDLU MAIN ROAD,3 BHK,1464,3,2,46
Super built0up  Area,Geleyara Balaga Layout,2 BHK,700,1,1,26
Super built0up  Area,Talaghattapura,3 BHK,1868,3,2,131
Plot  Area,Sundara Nagar,2 BHK,900,2,1,110
Super built0up  Area,Balagere,2 BHK,1210,2,1,80.9
Super built0up  Area,Jigani,3 BHK,1252,3,3,55
Built0up  Area,Gollarapalya Hosahalli,2 BHK,861,2,1,34.5
Plot  Area,Srirampura,6 BHK,1450,6,0,250
Super built0up  Area,Old Madras Road,3 BHK,1425,2,2,94
Super built0up  Area,Kaggadasapura,3 BHK,1280,2,2,56
Super built0up  Area,Silver Springs Layout,2 BHK,1084,2,2,50
Super built0up  Area,9th Phase JP Nagar,2 BHK,1005,2,1,50
Super built0up  Area,Jakkur,2 BHK,1417,2,3,75
Plot  Area,TC Palaya,3 BHK,1475,3,1,98
Carpet  Area,Maruthi Sevanagar,2 BHK,950,2,2,47
Super built0up  Area,RMV 2nd Stage,4 BHK,2000,4,0,120
Plot  Area,Giri Nagar,3 BHK,880,3,1,140
Super built0up  Area,Singasandra,2 BHK,1010,2,1,29.5
Super built0up  Area,AECS Layout,2 BHK,1100,2,3,45
Super built0up  Area,Mallasandra,3 BHK,1665,3,2,95
Super built0up  Area,Begur,4 BHK,1664,4,3,65
Super built0up  Area,JP Nagar,3 BHK,1850,3,3,150
Super built0up  Area,Sunder Ram Shetty Nagar,3 BHK,1560,3,3,115
Super built0up  Area,Malleshpalya,2 BHK,1140,2,2,46.5
Super built0up  Area,Kodathi,2 BHK,850,2,2,27
Built0up  Area,Munnekollal,2 BHK,1170,2,2,52
Super built0up  Area,Motappa Layout,2 BHK,1113,2,1,51
Plot  Area,Akshaya Vana,4 BHK,1200,4,3,165
Super built0up  Area,Kaggalipura,3 BHK,1150,2,1,55
Built0up  Area,Basavanna Nagar,3 BHK,1645,3,2,95
Super built0up  Area,6th Phase JP Nagar,2 BHK,1192,2,2,74
Super built0up  Area,Ulsoor,3 BHK,2135,3,2,215
Super built0up  Area,Thigalarapalya,4 BHK,3122,6,2,230
Super built0up  Area,Somasundara Palya,3 BHK,1600,3,3,64
Plot  Area,T.C PALYA,2 BHK,1200,2,0,79
Carpet  Area,Muneshwara Nagar,2 BHK,1230,2,3,48
Super built0up  Area,Basaveshwara Nagar,2 BHK,1200,2,2,65
Plot  Area,Bull Temple Road,3 BHK,1350,2,0,140
Super built0up  Area,Bommasandra,3 BHK,1260,3,1,49.36
Super built0up  Area,Prashanth Nagar,3 BHK,1800,3,0,150
Plot  Area,Suragajakkanahalli,3 BHK,11,3,2,74
Built0up  Area,Ardendale,2 BHK,1100,2,1,43.25
Super built0up  Area,Harlur,2 BHK,1508,2,1,77
Carpet  Area,Sampigehalli,3 BHK,1592,3,2,75
Plot  Area,RMV,3 BHK,2000,3,2,365
Super built0up  Area,Banashankari3rd stage bigbazar,3 BHK,1762,3,1,125
Super built0up  Area,Bagalur Main Road,2 BHK,950,2,2,50
Super built0up  Area,Kodihalli,4 BHK,3252,5,3,335
Super built0up  Area,Narayanapura,2 BHK,1308,2,2,89.04
Plot  Area,Binny Mills Employees Colony,4 BHK,1500,4,2,230
Built0up  Area,Bannerghatta Road,1 BHK,500,1,1,18.5
Super built0up  Area,Hennur,2 BHK,1075,2,1,52
Super built0up  Area,5th Phase JP Nagar,2 BHK,1075,2,2,60
Built0up  Area,Kodigehaali,2 BHK,1166,2,2,55
Super built0up  Area,Gopalapura,3 BHK,2023.71,3,2,275
Super built0up  Area,Billekahalli,3 BHK,1935,3,2,110
Super built0up  Area,Jalahalli,3 BHK,1400,3,0,77
Built0up  Area,Mahadevpura,2 BHK,1451,2,1,90
Plot  Area,Anekal,2 BHK,1200,1,1,36
Built0up  Area,"Hoodi Circle, ",3 BHK,1629,3,2,79
Super built0up  Area,Sompura,2 BHK,825,2,1,33
Built0up  Area,Ashirvad Colony,2 BHK,1460,2,1,58
Built0up  Area,Dodda Nekkundi,2 BHK,1260,2,2,55
Super built0up  Area,K N Extension,6 BHK,700,3,1,120
Built0up  Area,Hosur Road,2 BHK,1656,2,1,120
Plot  Area,Battarahalli,2 BHK,1200,2,1,65
Super built0up  Area,Gokula Extension,4 BHK,1200,4,1,175
Plot  Area,Kamakshipalya,2 BHK,1000,2,0,165
Plot  Area,Sultan Palaya,2 BHK,550,1,1,62
Super built0up  Area,Sanne Amanikere,2 BHK,1185,2,1,38
Built0up  Area,Amco Colony,3 BHK,1760,3,2,88
Super built0up  Area,Ambalipura,2 BHK,1105,2,1,75
Built0up  Area,Hoodi,2 BHK,985,2,2,67
Super built0up  Area,Samethanahalli,2 BHK,1069,2,1,55
Super built0up  Area,Brookefield,2 BHK,1150,2,3,69
Super built0up  Area,Yelenahalli,2 BHK,1240,2,2,47.12
Super built0up  Area,Richmond Town,3 BHK,2150,4,1,240
Super built0up  Area,Suddaguntepalya,3 BHK,1450,3,2,55
Super built0up  Area,Udayapur Village,3 BHK,1630,3,2,68.29
Super built0up  Area,Vittasandra,2 BHK,1404,2,1,71
Plot  Area,Thippasandra,4 BHK,1200,4,2,200
Built0up  Area,Chikkabidarakallu,4 BHK,3309,4,3,325
Super built0up  Area,1 Giri Nagar,11 BHK,5000,9,3,360
Super built0up  Area,Hoysalanagar,2 BHK,850,2,1,30
Super built0up  Area,Defence Colony,2 BHK,1150,2,2,126
Plot  Area,2nd Stage Nagarbhavi,4 BHK,1500,4,2,220
Plot  Area,Vidyaranyapura,2 BHK,1440,2,0,95
Super built0up  Area,Amruthahalli,2 BHK,900,2,1,40
Built0up  Area,ITI Employees Layout,4 BHK,1200,4,1,230
Super built0up  Area,Kodigehalli,2 BHK,1270,2,1,98
Built0up  Area,Patelappa Layout,2 BHK,1200,2,1,62
Super built0up  Area,Ring Road Nagarbhavi,4 BHK,4800,4,1,235
Super built0up  Area,NS Palya,2 BHK,1200,2,1,74
Super built0up  Area,Subramanyapura,2 BHK,929,2,0,50.17
Plot  Area,Basavangudi,4 BHK,1125,4,3,180
Plot  Area,Kenchenahalli,5 BHK,500,3,2,65
Plot  Area,3rd Block Hrbr Layout,5 BHK,1200,5,2,190
Plot  Area,Bank Avenue,4 BHK,2000,4,2,99
Super built0up  Area,Surabhi Layout,3 BHK,1753,3,2,120
Plot  Area,Banjara Layout,3 BHK,600,3,2,58
Super built0up  Area,Omkar Nagar,2 BHK,1000,2,1,53
Built0up  Area,Kereguddadahalli,2 BHK,950,2,1,32
Plot  Area,Maragondanahalli,2 BHK,720,2,1,45
Built0up  Area,Silk Board,3 BHK,1300,3,1,58
Super built0up  Area,Kada Agrahara,2 BHK,1115,2,1,40
Super built0up  Area,Kambipura,2 BHK,883,2,1,45
Plot  Area,BHEL Layout,4 BHK,1200,3,1,165
Built0up  Area,Medahalli,1 BHK,700,1,0,41
Plot  Area,Banashankari Stage III,4 BHK,8500,4,2,145
Super built0up  Area,Kashi Nagar,4 BHK,1600,4,1,80
Plot  Area,Sector 7 HSR Layout,4 BHK,3000,5,1,275
Built0up  Area,"Yemlur, Old Airport Road, ",3 BHK,1595,3,2,115
Super built0up  Area,VHBCS Layout,2 BHK,1353,2,2,110
Built0up  Area,Ittamadu,1 BHK,1200,2,0,85
Built0up  Area,Rajiv Nagar,3 BHK,1867,3,1,160
Super built0up  Area,Gattahalli,2 BHK,1028,2,1,45.5
Super built0up  Area,Arekere,2 BHK,1222,2,2,45
Super built0up  Area,Ramanjaneyanagar,3 BHK,1385,2,2,48.48
Super built0up  Area,Mico Layout,9 BHK,5000,9,3,210
Built0up  Area,7th Block Jayanagar,5 BHK,3000,3,1,528
Plot  Area,2nd Phase JP Nagar,3 BHK,2610,3,0,499
Built0up  Area,Kammanahalli,5 BHK,2845,5,1,140
Super built0up  Area,K G Colony,3 BHK,1600,2,1,50
Super built0up  Area,Banashankari,3 BHK,1200,2,2,42
Plot  Area,Herohalli,2 BHK,1800,1,1,80
Built0up  Area,Chikkabanavar,2 BHK,950,2,1,40
Plot  Area,HRBR Layout,4 BHK,2000,4,1,300
Super built0up  Area,1,3 BHK,1600,3,2,86
Built0up  Area,Ashwini layout,2 BHK,1160,2,1,55
Super built0up  Area,Marathalli bridge,3 BHK,1544,3,1,120
Super built0up  Area,Dooravani Nagar,3 BHK,1578,3,1,180
Super built0up  Area,JCR Layout,2 BHK,1180,2,2,42
Super built0up  Area,Nehru Nagar,2 BHK,961,2,2,38
Built0up  Area,Kanakapura,3 BHK,1419,3,3,75
Plot  Area,Papareddipalya,2 BHK,1600,2,0,115
Super built0up  Area,Venkatapura,1 BHK,416,1,1,18.5
Super built0up  Area,Sneha Colony,2 BHK,1260,2,2,45
Super built0up  Area,Konanakunte,3 BHK,2791,3,1,223
Super built0up  Area,Hosapalya,1 BHK,600,1,0,90
Plot  Area,Doddagubbi,3 BHK,1125,4,1,70
Super built0up  Area,Sector 6 HSR Layout,4 BHK,3000,5,2,260
Plot  Area,Margondanahalli,5 BHK,940,4,2,150
Plot  Area,ITI Layout,6 BHK,2160,5,1,250
Built0up  Area,R.T. Nagar,4 BHK,1500,4,1,70
Super built0up  Area,Tumkur Road,3 BHK,1500,3,3,95
Super built0up  Area,Vasanthapura,3 BHK,1400,3,2,60
Carpet  Area,Hosahalli,3 BHK,1375,3,2,70
Super built0up  Area,GM Palaya,3 BHK,1820,2,3,86
Super built0up  Area,near Ramanashree California resort,6 BHK,3600,4,1,160
Plot  Area,"6th block banashankari 3rd stage, 100 feet ORR",3 BHK,4000,3,1,660
Super built0up  Area,Jalahalli East,1 BHK,750,1,2,40
Super built0up  Area,Poornapragna Housing Society Layout,2 BHK,1160,2,2,52.2
Super built0up  Area,Hosakerehalli,3 BHK,2378,3,1,262
Built0up  Area,Huskur,3 BHK,1220,2,1,35.23
Built0up  Area,Indira Nagar,4 BHK,2200,4,2,200
Super built0up  Area,Shanthala Nagar,2 BHK,1630,2,2,200
Super built0up  Area,Teachers Colony,3 BHK,1350,3,0,77
Built0up  Area,Bettahalsoor,4 BHK,3090 0 5002,4,0,445
Super built0up  Area,Srinivasa Nagar,3 BHK,1180,2,2,78.34
Plot  Area,Sulthangunta,1 BHK,600,1,0,50
Plot  Area,Byrathi Village,5 BHK,1200,5,0,100
Super built0up  Area,Kodichikkanahalli,3 BHK,1190,2,2,57
Super built0up  Area,Ambedkar Colony,3 BHK,1875,3,2,165
Super built0up  Area,Varthur Road,2 BHK,1083,2,2,61.75
Plot  Area,Anjappa Layout,2 BHK,600,2,1,55
Built0up  Area,Avalahalli,3 BHK,2300,3,3,120
Super built0up  Area,Prakruthi Nagar,2 BHK,1240,2,2,60
Super built0up  Area,Sadaramangala,2 BHK,1230,2,1,43.48
Plot  Area,Anjanapura,3 BHK,1500,3,1,139
Super built0up  Area,Abbigere,2 BHK,985,2,1,40.39
Plot  Area,Tindlu,3 BHK,1500,2,1,87
Plot  Area,B Narayanapura,3 BHK,1092,2,1,98.5
Super built0up  Area,Green Garden Layout,2 BHK,1045,2,0,45
Super built0up  Area,Gubbalala,3 BHK,1470,2,2,82
Super built0up  Area,Dairy Circle,3 BHK,1855,3,1,225
Plot  Area,Parappana Agrahara,4 BHK,1200,3,2,85
Plot  Area,Jeevan bima nagar,5 BHK,1210,4,2,160
Super built0up  Area,Narayana Nagar 1st Block,2 BHK,1202,2,1,48
Super built0up  Area,KSRTC Layout,2 BHK,1200,2,3,62.5
Built0up  Area,P&T Colony,1 BHK,425,1,0,20.03
Super built0up  Area,Cunningham Road,4 BHK,5270,4,3,1250
Built0up  Area,New Gurappana Palya,2 BHK,1100,2,0,48
Plot  Area,Chelekare,1 BHK,600,1,1,60
Plot  Area,Palanahalli,4 BHK,4300,5,2,550
Super built0up  Area,Vadarpalya,3 BHK,1750,3,2,85
Super built0up  Area,Kudlu,2 BHK,1152,2,1,53.5
Plot  Area,Shivanagar,5 BHK,1000,4,1,160
Super built0up  Area,V.V Puram,2 BHK,775,2,1,55
Plot  Area,Sector 3 HSR Layout,9 BHK,600,9,3,190
Super built0up  Area,Banashankari Stage VI,2 BHK,1160 0 1195,2,0,59.935
Built0up  Area,HMT Layout,2 BHK,1105,2,2,58
Built0up  Area,Basavanagara,1 BHK,10000,2,1,93
Super built0up  Area,Cox Town,3 BHK,1975,3,3,150
Built0up  Area,Kalasipalya,7 BHK,1875,2,2,300
Super built0up  Area,Kathriguppe,3 BHK,1400,2,2,77
Plot  Area,HBR Layout,4 BHK,675,3,1,59
Plot  Area,4 BHK Farm House in Bagalur,4 BHK,10961,4,1,80
Built0up  Area,Yelahanka New Town,1 BHK,650,1,2,33
Super built0up  Area,Sahakara Nagar,4 BHK,2830,3,3,195
Super built0up  Area,manyata park,3 BHK,1780,3,1,84.83
Super built0up  Area,Rachenahalli,4 BHK,3670,4,3,300
Super built0up  Area,Belathur,2 BHK,460,1,0,15
Super built0up  Area,Sadashiva Nagar,3 BHK,3761,3,2,660
Super built0up  Area,Yelachenahalli,3 BHK,1400,2,3,55
Plot  Area,Shirdi Sai Layout,4 BHK,1200,3,1,95
Super built0up  Area,Kodbisanhalli,3 BHK,1976,3,1,184
Plot  Area,Sathya Sai Layout,4 BHK,5500,4,1,600
Plot  Area,Indiranagar HAL 2nd Stage,4 BHK,2400,4,1,640
Plot  Area,Vishwanatha Nagenahalli,5 BHK,900,3,2,80
Super built0up  Area,Singapura Village,2 BHK,11000,2,1,45
Plot  Area,Bendiganahalli,3 BHK,1200,3,0,95
Built0up  Area,Hosakerehalli Layout,7 BHK,2500,6,2,115
Super built0up  Area,Hennagara,2 BHK,823,2,1,28
Super built0up  Area,Ferrar Nagar,2 BHK,1180,2,1,69
Super built0up  Area,Green Glen Layout,3 BHK,1575,3,2,125
Super built0up  Area,BAGUR,1 BHK,686,1,1,17
Built0up  Area,Thubarahalli,4 BHK,3800,4,3,239
Super built0up  Area,M.G Road,2 BHK,1250,2,0,200
Super built0up  Area,Naganathapura,2 BHK,1001,2,2,33.03
Super built0up  Area,Horamavu Banaswadi,3 BHK,1554,3,2,55
Super built0up  Area,1st Phase JP Nagar,4 BHK,2825,4,3,250
Super built0up  Area,Kaverappa Layout,2 BHK,1282,2,2,87
Super built0up  Area,NGR Layout,2 BHK,1020,2,1,45.9
Super built0up  Area,Divya Unnathi Layout,3 BHK,1611,2,2,64.44
Built0up  Area,Vasantha Vallabha Nagar,3 BHK,1500,2,2,95
Super built0up  Area,sapthagiri Layout,2 BHK,1300,1,1,115
Super built0up  Area,Seegehalli,2 BHK,901,2,1,35.14
Super built0up  Area,BEML Layout,2 BHK,1060,2,1,55
Built0up  Area,Alur,1 BHK,530,1,1,20
Super built0up  Area,Devarabisanahalli,2 BHK,1350,2,3,80
Super built0up  Area,NRI Layout,3 BHK,1565,2,2,75
Built0up  Area,Sidedahalli,2 BHK,900,2,0,27
Plot  Area,Dwarka Nagar,8 BHK,2400,6,3,125
Plot  Area,ITPL,3 BHK,1200,3,1,56.12
Plot  Area,Thurahalli,4 BHK,600,3,2,65
Super built0up  Area,Hallehalli,2 BHK,1225,2,1,53
Super built0up  Area,Kattigenahalli,7 BHK,4100,7,1,140
Plot  Area,Marathi Layout,1 BHK,5.31,1,0,110
Carpet  Area,Weavers Colony,1 BHK,15,1,0,30
Super built0up  Area,Raghavendra Nagar,2 BHK,1175,2,2,48.27
Super built0up  Area,KR Layout,1 BHK,950,1,1,40
Super built0up  Area,Babusapalaya,3 BHK,1358,2,1,43.4
Super built0up  Area,Nagappa Reddy Layout,2 BHK,1209,2,1,50
Built0up  Area,Kempapura,5 BHK,4200,5,2,225
Plot  Area,BTM 1st Stage,4 BHK,1215,4,3,205
Super built0up  Area,Kariyammana Agrahara,3 BHK,1800,3,3,90
Built0up  Area,Hessarghatta,5 BHK,1600,4,0,125
Plot  Area,Binnamangala,6 BHK,3968,5,2,900
Super built0up  Area,Suraksha Nagar,3 BHK,1563,3,2,52
Plot  Area,Lakshmi Layout,9 BHK,900,10,1,170
Super built0up  Area,Iblur Village,3 BHK,3235,3,1,235
Plot  Area,Kadugondanahalli,4 BHK,915,4,1,54.9
Built0up  Area,Basava Nagar,2 BHK,1405,2,2,70
Built0up  Area,2nd Block Hrbr Layout,3 BHK,1480,3,2,90
Super built0up  Area,Ananth Nagar,1 BHK,500,1,1,14
Super built0up  Area,Canara Bank Layout,3 BHK,1600,3,3,90
Plot  Area,Narasapura,2 BHK,300,2,2,29.5
Plot  Area,Manjunath Nagar,4 BHK,1200,4,0,135
Super built0up  Area,Basapura,2 BHK,1200,2,2,35
Built0up  Area,Channasandra,3 BHK,1340,2,2,48.33
Plot  Area,Singena Agrahara,3 BHK,1500,3,2,115
Plot  Area,Sector 1 HSR Layout,4 BHK,2400,5,1,775
Super built0up  Area,Mango Garden Layout,3 BHK,1824,3,3,125
Plot  Area,Kacharakanahalli,1 BHK,750,1,0,56.25
Super built0up  Area,"Bidere Agarahara, Behind Safal market",2 BHK,1060,2,2,42
Built0up  Area,Grihalakshmi Layout,5 BHK,24,2,2,150
Plot  Area,Gopalkrishna Nagar,3 BHK,1500,3,2,62
Super built0up  Area,Choodasandra,2 BHK,1115,2,2,50
Super built0up  Area,Sai Gardens,2 BHK,1339,2,2,55
Super built0up  Area,Dodda Kempaiah Layout,3 BHK,1600,3,2,75
Super built0up  Area,Hanumanth Nagar,2 BHK,1225,2,2,55.11
Super built0up  Area,Kaikondrahalli,2 BHK,1039,2,2,80
Plot  Area,Hunasamaranahalli,4 BHK,4000,4,2,675
Super built0up  Area,RWF West Colony,2 BHK,1000,2,1,50
Plot  Area,Bileshivale,4 BHK,6000,5,3,400
Super built0up  Area,Neeladri Nagar,2 BHK,1053,2,1,45
Super built0up  Area,Frazer Town,2 BHK,1625,2,1,75
Super built0up  Area,Williams Town,3 BHK,1500,2,2,98
Super built0up  Area,Jaya Nagar East,3 BHK,3095,3,3,350
Carpet  Area,Iggalur,2 BHK,910,2,1,30.5
Built0up  Area,Cooke Town,1 BHK,565,1,1,35
Built0up  Area,Doddakallasandra,2 BHK,1233,2,2,43
Plot  Area,Chokkanahalli,1 BHK,1200,1,1,28
Plot  Area,Chikkaballapur,3 BHK,1500,3,3,100
Super built0up  Area,Chamrajpet,3 BHK,1475,2,2,120
Super built0up  Area,VGP Layout,2 BHK,1133,2,2,55
Plot  Area,Classic Paradise Layout,5 BHK,1560,5,1,145
Plot  Area,Byappanahalli,5 BHK,2900,5,2,90
Super built0up  Area,Vasanth nagar,3 BHK,1560,3,1,188
Super built0up  Area,Rayasandra,3 BHK,1314,2,2,63
Super built0up  Area,Kalkere,2 BHK,856,2,3,40
Plot  Area,T.C. Palya,4 BHK,600,5,2,60
Plot  Area,Siddapura,4 BHK,14000,3,2,800
Super built0up  Area,Makali,1 BHK,485,1,1,15
Built0up  Area,Vibuthipura,4 BHK,2150,4,1,80
Plot  Area,5th Block Hbr Layout,6 BHK,1200,6,2,250
Super built0up  Area,Pai Layout,2 BHK,1006,2,2,35
Plot  Area,Defence Layout,3 BHK,1200,3,1,130
Super built0up  Area,Roopena Agrahara,2 BHK,1050,2,1,67
Super built0up  Area,Banashankari Stage V,3 BHK,1300,2,1,58.5
Super built0up  Area,Coconut Garden,3 BHK,1800,3,3,80
Super built0up  Area,Gollahalli,2 BHK,1395,2,1,63.59
Super built0up  Area,Sonnenahalli,3 BHK,1415,2,1,55
Super built0up  Area,D Souza Layout,3 BHK,4634,4,3,1015
Built0up  Area,"ECC Road, Whitefield, ",2 BHK,1132,2,1,67
Super built0up  Area,Seetharampalya,3 BHK,1515,3,3,88
Super built0up  Area,Rukmaiah Layout,3 BHK,1655,3,2,86.06
Super built0up  Area,Devanahalli Int. Airport,2 BHK,1380,2,1,80
Super built0up  Area,Puttanahalli,3 BHK,1450,3,1,65
Super built0up  Area,Benson Town,3 BHK,3200,4,1,350
Plot  Area,Devasandra Extension,6 BHK,1200,6,3,180
Super built0up  Area,2nd Phase Judicial Layout,3 BHK,1450,2,1,50.75
Plot  Area,1st Block HRBR Layout,8 BHK,1200,7,0,235
Built0up  Area,"Sarjapur Road, ",3 BHK,3329,3,2,330
Super built0up  Area,Byadarahalli,4 BHK,3500,3,3,450
Super built0up  Area,Poorna Pragna Layout,2 BHK,920,2,2,39.55
Super built0up  Area,Judicial Layout,3 BHK,1300,3,1,64
Built0up  Area,"Varthur Road, ",3 BHK,1595,3,2,76
Super built0up  Area,Chikka Banaswadi,2 BHK,1093,2,2,65
Built0up  Area,Outer Ring Road East,2 BHK,1367,2,2,62
Plot  Area,Kavika Layout,3 BHK,750,2,1,75
Carpet  Area,Vinayaka Nagar,3 BHK,1535,3,1,95
Super built0up  Area,Banashankari Stage II,2 BHK,1700,2,2,150
Super built0up  Area,Hennur Busstop,2 BHK,1100,2,1,62.7
Super built0up  Area,GB Palya,2 BHK,930,2,1,45
Built0up  Area,AMS Layout,3 BHK,1650,2,2,80
Plot  Area,9th Block Jayanagar,1 BHK,700,1,0,150
Super built0up  Area,Karuna Nagar,4 BHK,2900,3,1,135
Super built0up  Area,Ashwathnagar,3 BHK,2197,4,3,280
Super built0up  Area,Gaurava Nagar,3 BHK,1240,2,2,46
Plot  Area,Kengeri Satellite Town ( BDA SITE),4 BHK,1600,3,1,172
Built0up  Area,AGS Layout,3 BHK,1450,2,2,85
Built0up  Area,Srinagar,4 BHK,2000,3,1,166
Plot  Area,Brigade Road,2 BHK,1420,1,0,220
Plot  Area,Bannerghatta,4 BHK,810,4,1,50
Super built0up  Area,Maruthi HBCS Layout,3 BHK,1250,3,3,39.5
Super built0up  Area,Devanahalli Road,3 BHK,1532,3,3,92
Built0up  Area,Green Woods Layout,2 BHK,1200,2,2,66
Super built0up  Area,Craig Park Layout,2 BHK,1010,2,3,148
Super built0up  Area,Immadihalli,2 BHK,1180,2,2,48
Super built0up  Area,Banagiri Nagar,3 BHK,1525,2,3,122
Super built0up  Area,Hiremath Layout,3 BHK,1435,3,3,70
Plot  Area,Jnanabharathi Layout,3 BHK,600,3,2,75
Built0up  Area,Chikkasandra,2 BHK,1070,2,2,42
Plot  Area,Bharath Housing Society Layout,4 BHK,2400,3,1,200
Built0up  Area,3rd Block Jayanagar,2 BHK,1000,2,1,130
Built0up  Area,Manjunatha Layout,2 BHK,1300,2,1,60
Plot  Area,Konanakunte Cross,2 BHK,3040,1,1,180
Super built0up  Area,Abbaiah Reddy Layout,3 BHK,1310,2,3,50
Plot  Area,Tavarekere,4 BHK,1200,4,2,72
Super built0up  Area,Thirumenahalli,3 BHK,1378,2,3,42.33
Super built0up  Area,KPC Layout,2 BHK,1210,2,2,62
Super built0up  Area,HOSUR MAIN ROAD,3 BHK,1464,3,2,56
Super built0up  Area,Nandi Durga Road,3 BHK,2500,3,1,250
Carpet  Area,Kumara Park,3 BHK,2200,4,1,350
Built0up  Area,Daadys Gaarden Layout,3 BHK,1600,3,0,80
Super built0up  Area,Maruthi Nagar,3 BHK,1250,3,1,39.5
Plot  Area,Marsur,3 BHK,1000,4,3,66
Built0up  Area,Kallumantapa,2 BHK,1100,2,2,50
Plot  Area,Malimakanapura,3 BHK,1168,3,0,70
Super built0up  Area,Rustam Bagh Layout,2 BHK,1300,2,2,65
Plot  Area,New Thippasandra,4 BHK,817,2,1,120
Super built0up  Area,Garden Layout,3 BHK,1515,3,3,93.93
Super built0up  Area,Viswapriyanagar.begur Road.bommanahalli.,4 BHK,2400,5,1,85
Super built0up  Area,T K Reddy Layout,3 BHK,1616,3,1,75
Plot  Area,Kumbena Agrahara,6 BHK,1200,4,1,135
Built0up  Area,"Pai layout , Mahadevapura",6 BHK,2700,4,2,214
Super built0up  Area,frazertown,3 BHK,2000,3,2,210
Plot  Area,Akshayanagara East,5 BHK,2400,4,1,300
Super built0up  Area,Doddanekundi,3 BHK,1760,3,3,176
Built0up  Area,Venkatadri Layout,1 BHK,595,1,1,42
Plot  Area,Bommenahalli,3 BHK,1200,3,1,125
Built0up  Area,Mahaganapathy Nagar,2 BHK,1410,2,3,67
Plot  Area,Andrahalli,4 BHK,2200,4,3,235
Built0up  Area,Vittal Nagar,2 BHK,1000,2,1,50
Super built0up  Area,2Electronic City Phase II,27 BHK,8000,27,0,230
Built0up  Area,3rd Block Banashankari,4 BHK,1700,2,1,550
Super built0up  Area,Bhuvaneshwari Nagar,2 BHK,920,2,0,35
Plot  Area,Kadarenahalli,10 BHK,750,10,1,90
Super built0up  Area,Laggere,1 BHK,1200,1,1,48
Plot  Area,Victoria Layout,5 BHK,2400,5,1,625
Plot  Area,Prithvi Layout,4 BHK,2028,4,3,162
Plot  Area,Subramanyanagar,8 BHK,1320,6,2,200
Plot  Area,1 Ramamurthy Nagar,11 BHK,1200,11,0,170
Super built0up  Area,5th Stage BEML Layout,3 BHK,2000,3,2,85
Plot  Area,IVC Road,1,2000 0 5634,1,1,124
Carpet  Area,Jaya Mahal layout,3 BHK,1650,3,3,175
Built0up  Area,BSM Extension,2 BHK,840,2,2,27
Super built0up  Area,Vijinapura,3 BHK,1670,3,3,91.86
Super built0up  Area,Banaswadi,2 BHK,1184,2,3,53
Super built0up  Area,P&T Layout,2 BHK,1242,2,3,39.7
Super built0up  Area,Byrasandra,3 BHK,1690,2,2,55
Plot  Area,SBM Colony,10 BHK,1660,10,1,475
Super built0up  Area,Veerannapalya,3 BHK,1488,3,1,57
Built0up  Area,Chowdeshwari Layout,3 BHK,1250,2,1,80
Plot  Area,Mathikere Extension,4 BHK,712,2,1,67.5
Super built0up  Area,Sector 2 HSR Layout,2 BHK,1296,2,1,75
Plot  Area,Anantapura,3 BHK,1650,4,1,160
Plot  Area,Shivaji Nagar,7 BHK,1400,6,3,200
Super built0up  Area,Badavala Nagar,3 BHK,1494,2,2,94.55
Super built0up  Area,4th Block Koramangala,2 BHK,1225,2,2,150
Super built0up  Area,Belatur,2 BHK,1260,2,2,58
Super built0up  Area,Lalbagh Road,4 BHK,3675,4,3,367
Plot  Area,Kamakya Layout,2 BHK,1200,2,2,150
Plot  Area,Vignana Nagar,5 BHK,1350,4,1,130
Super built0up  Area,Nallurhalli,2 BHK,1250,2,2,65
Super built0up  Area,Chinnapanahalli,2 BHK,1225,2,2,48
Plot  Area,Lingarajapuram,2 BHK,1350,2,1,80
Built0up  Area,3rd Block HBR Layout,3 BHK,2000,3,1,100
Super built0up  Area,Laxmi Sagar Layout,3 BHK,1614,3,1,110
Plot  Area,Nelamangala,3 BHK,52272,2,1,140
Built0up  Area,Nagavarapalya,2 BHK,980,2,0,37
Plot  Area,Hongasandra,2 BHK,680,2,0,42
Plot  Area,Harappanahalli,2 BHK,2400,2,1,95
Super built0up  Area,BTM Layout,2 BHK,1150,2,2,63
Super built0up  Area,Chennammana Kere,2 BHK,1115,2,2,56.87
Super built0up  Area,Kanaka Nagar,3 BHK,2479.13,3,1,215
Built0up  Area,Tasker Town,2 BHK,1100,2,0,106
Super built0up  Area,Govindpura,3 BHK,1690,3,1,75
Built0up  Area,NR Colony,2 BHK,1068,2,1,40.05
Super built0up  Area,Agara Village,3 BHK,1925,3,2,120
Super built0up  Area,Shettigere,1 BHK,650,1,1,26
Super built0up  Area,Kenchanehalli R R Nagar,3 BHK,1410,2,2,45.12
Plot  Area,BEL Road,2 BHK,1050,2,0,110
Super built0up  Area,Byagadadhenahalli,3 BHK,1130,3,1,38
Super built0up  Area,Doddabommasandra,3 BHK,1550,2,3,70
Super built0up  Area,Maruthi Layout,2 BHK,916,2,1,42
Super built0up  Area,Sree Narayana Nagar,3 BHK,1358,3,3,50
Super built0up  Area,Tunganagara,3 BHK,1936,2,2,54.21
Plot  Area,BTM 2nd Stage,3 BHK,1260,5,1,185
Built0up  Area,Remco Bhel Layout,3 BHK,1685,2,1,110
Built0up  Area,Chokkasandra,2 BHK,850,2,1,33
Built0up  Area,Panduranga Nagar,1 BHK,500,1,0,20
Built0up  Area,Sri Venkateshpura Layout,2 BHK,1146,2,1,38.5
Super built0up  Area,Jakkur Plantation,3 BHK,1765,3,3,105
Built0up  Area,Sir M V Nagar,7 BHK,4400,9,1,120
Plot  Area,Bikasipura,6 BHK,2400,4,2,280
Super built0up  Area,Basaveshwara Nagar Yelahanka,1 BHK,581.91,2,1,25
Built0up  Area,1st Block Koramangala,2 BHK,1415,2,3,110
Super built0up  Area,Hoskote,3 BHK,1250,3,2,50
Built0up  Area,Attiguppe,2 BHK,500,2,1,70
Plot  Area,Srirampuram,2 BHK,432,2,1,40
Built0up  Area,Yemlur,2 BHK,1100,2,2,55
Super built0up  Area,Race Course Road,4 BHK,4750,5,1,600
Plot  Area,Gkvk Layout,3 BHK,1350,3,3,195
Built0up  Area,St. John's Road,2 BHK,824,2,0,60
Super built0up  Area,Doopanahalli,3 BHK,1340,2,1,100
Super built0up  Area,Doddaballapur,4 BHK,1690,3,2,80
Built0up  Area,Sathanur,3 BHK,1620,2,1,110
Plot  Area,Ramamohanapuram,4 BHK,2800,3,2,500
Super built0up  Area,kanakapura road,3 BHK,1375,2,3,48.06
Super built0up  Area,Kaveri Nagar,1 BHK,750,1,2,25
Super built0up  Area,Sundar Ram Shetty Nagar,3 BHK,1375,2,3,85
Super built0up  Area,"Kirloskar layout, Basaveshwarnagar",2 BHK,1200,2,1,49.5
Super built0up  Area,Alfa Garden Layout,2 BHK,975,2,1,43
Plot  Area,Gowdanapalya,8 BHK,1200,8,2,190
Built0up  Area,Hoodi Layout,3 BHK,1500,3,2,88
Built0up  Area,Gaundanapalya,2 BHK,1010,2,2,46
Plot  Area,Arasanakunte,5 BHK,1200,6,1,137
Built0up  Area,5th block Koramangala,4 BHK,4000,4,1,520
Built0up  Area,JakkurYelahanka,2 BHK,1370,2,2,75
Super built0up  Area,Gunjur Palya,2 BHK,1050,2,1,43
Built0up  Area,Upkar Layout,1 BHK,1050,1,1,70
Plot  Area,Sunkadakatte,3 BHK,1200,2,0,80
Super built0up  Area,Someshwara Layout,4 BHK,1200,4,3,169
Plot  Area,Kathreguppe,4 BHK,3200,4,2,1200
Super built0up  Area,Channasandra Layout,2 BHK,1210,2,2,40
Plot  Area,HAL 3rd Stage,3 BHK,1865,3,3,350
Super built0up  Area,Doctors Layout,2 BHK,1520,2,3,62
Built0up  Area,Austin Town,1 BHK,400,1,0,14
Plot  Area,Rajagopala Nagar,4 BHK,600,4,1,40
Super built0up  Area,Vishwapriya Nagar,2 BHK,946,2,1,38
Super built0up  Area,Sarakki Nagar,3 BHK,2121,4,3,253
Plot  Area,Bahubali Nagar,5 BHK,1575,4,0,150
Super built0up  Area,Lottegolla Halli,4 BHK,3750,3,1,550
Super built0up  Area,Nandini Layout,2 BHK,1200,2,2,70
Plot  Area,Vibhutipura Extension,5 BHK,1200,4,1,100
Super built0up  Area,B Channasandra,2 BHK,1300,2,1,79
Super built0up  Area,Dollars Colony,4 BHK,3500,4,3,350
Super built0up  Area,Arehalli,3 BHK,1400,2,2,55
Built0up  Area,Cambridge  road,3 BHK,1000,2,0,110
Built0up  Area,Hennur Gardens,3 BHK,1942,3,2,102
Plot  Area,Thyagaraja Nagar,1 BHK,800,1,1,100
Super built0up  Area,Howthinarayanappa Garden,2 BHK,1022,2,2,52
Super built0up  Area,Bharathi Nagar,2 BHK,1322,2,2,68
Super built0up  Area,SRINIVASAPURA,2 BHK,990,2,1,44.55
Built0up  Area,Cambridge Layout,3 BHK,2400,3,1,260
Plot  Area, ittamadu,3 BHK,600,2,1,110
Super built0up  Area,Doddakannelli,3 BHK,1475,3,2,70
Super built0up  Area,Pulkeshi Nagar,2 BHK,1452.55,2,3,110
Built0up  Area,"Thanisandra Main Road, ",3 BHK,2357,3,2,151
Super built0up  Area,Jayanagar,2 BHK,1170,2,3,105
Super built0up  Area, Bhoganhalli,1 RK,296,1,0,22.89
Plot  Area,Kumbalgodu,5 BHK,1200,4,1,85
Super built0up  Area,banashankari stage iii sa,3 BHK,1411,3,2,91.72
Built0up  Area,Amruthnagar,2 BHK,1350,2,1,67.5
Super built0up  Area,Palace Guttahalli,4 BHK,3600,4,1,365
Super built0up  Area,Akshya Nagar,2 BHK,1175,2,2,48.27
Built0up  Area, Anekal,1 RK,351,1,1,16
Plot  Area,BCC Layout,4 BHK,1500,5,1,230
Plot  Area,Mathikere,3 BHK,1550,2,1,150
Built0up  Area,Friends Colony,3 BHK,1150,2,1,75
Plot  Area,Doddabidrakallu,3 BHK,1200,3,1,74
Built0up  Area,Sri Balaji Krupa Layout,1 BHK,600,1,0,32
Super built0up  Area,Bidadi,2 BHK,1107,2,2,33
Super built0up  Area,Sampige Layout,2 BHK,1315,2,2,90
Super built0up  Area,Virgonagar,3 BHK,1215,3,1,42.2
Plot  Area,Dodsworth Layout,4 BHK,30000,4,1,2100
Built0up  Area,"Kudlu Village, ",3 BHK,1445,3,2,64
Super built0up  Area,Rajiv Gandhi Nagar,2 BHK,1170,2,2,68
Plot  Area,Kurubarahalli,4 BHK,450,3,1,53
Plot  Area,Sector 4 HSR Layout,4 BHK,2400,4,1,700
Built0up  Area,Bhagyalakshmi Avenue,2 BHK,955,1,2,34.01
Plot  Area,Kengeri Hobli,3 BHK,600,2,0,30
Built0up  Area,Vyalikaval,2 BHK,1100,2,1,75
Built0up  Area,"Banaswadi, ",4 BHK,3161,4,3,214
Super built0up  Area,Balaji Gardens Layout,2 BHK,1051,2,1,33
Plot  Area,Thavarekere,7 BHK,600,7,1,108
Built0up  Area,HAL 2nd Stage,2 BHK,1226,3,1,135
Super built0up  Area, Devarabeesana Halli,2 BHK,1100,2,1,70
Super built0up  Area, Rachenahalli,1 RK,440,1,0,28
Plot  Area,Tippenahalli,2 BHK,1200,2,0,55
Super built0up  Area,Prestige Sunrise,1 BHK,700,1,1,41
Built0up  Area,1st Stage Indira Nagar,2 BHK,1400,2,1,67
Super built0up  Area,Srigandada Kaval,2 BHK,1200,2,0,53
Super built0up  Area,Viswajit Layout,2 BHK,1100,2,3,61
Plot  Area,Adityanagar,1 BHK,1260,1,0,41
Plot  Area,BDS Layout,1 BHK,1500,1,0,37.5
Plot  Area,Shanthi Layout,3 BHK,1272,4,0,75
Plot  Area,Esther Enclave Layout,5 BHK,1600,5,2,140
Built0up  Area,Volagerekallahalli,2 BHK,1170,2,2,38
Super built0up  Area,Keerthi Layout,2 BHK,780,2,2,25
Super built0up  Area,Ganga Nagar Extension,3 BHK,1000,2,1,65
Super built0up  Area,Shikaripalya,2 BHK,1121,2,1,43.72
Plot  Area,Huttanahalli,3 BHK,2400,4,2,325
Super built0up  Area,Reliable Woods Layout,3 BHK,1306,2,2,58
Super built0up  Area,4th T block Jayanagar,3 BHK,2401,3,2,185
Plot  Area,Nayandanahalli,7 BHK,1600,7,1,104
Super built0up  Area,Hagadur,2 BHK,1110,2,2,51
Plot  Area,Popular Colony,2 BHK,1300,2,0,54
Built0up  Area,Soundarya Layout,2 BHK,960,2,2,32
Super built0up  Area,"Banashankari 6th Stage ,Subramanyapura",3 BHK,1690,3,2,100
Super built0up  Area,Amarjyothi Colony,3 BHK,1355,3,1,61
Plot  Area,Pattanagere,2 BHK,1350,2,0,90
Super built0up  Area,Dollars Layout,3 BHK,1460,3,2,88
Plot  Area,Chikkabettahalli,5 BHK,1100,4,3,150
Plot  Area,Bhuvaneswari Nagar,2 BHK,792,2,1,70
Super built0up  Area,Varanasi,5 BHK,2000,4,1,103
Built0up  Area,Gopal Reddy Layout,3 BHK,2100,3,1,75
Plot  Area,sankeswari,1 BHK,461.82,1,1,31.7
Plot  Area,T c palya,3 BHK,1500,2,0,85
Super built0up  Area,Govindraja Nagar,2 BHK,1065,2,3,50
Super built0up  Area,Virat Nagar,2 BHK,1205,2,2,42.18
Super built0up  Area,Chennammanakere Achukattu,2 BHK,1260,2,1,75
Built0up  Area,"Maragondana Halli, kr puram, old madras road",2 BHK,1199,2,2,50
Plot  Area,Dhanalakshmi Layout,6 BHK,1222,5,3,250
Super built0up  Area,Jp nagar 8th Phase .,10 BHK,12000,12,1,525
Plot  Area,Nobo Nagar,6 BHK,1500,7,3,220
Super built0up  Area,Kadubeesanahalli,3 BHK,1665,3,3,70
Plot  Area,J P Nagar 7th Phase Ramayya City,4 BHK,1200,4,2,350
Super built0up  Area,Green Domain Layout,3 BHK,2100,3,3,170
Built0up  Area,Cleveland Town,3 BHK,1991,3,2,160
Built0up  Area,Syndicate Bank Colony,3 BHK,1200,3,2,66
Plot  Area,M C Layout,6 BHK,2400,6,1,245
Built0up  Area,Nanjappa Layout,2 BHK,1069,2,1,55
Built0up  Area,Dodda Banaswadi,5 BHK,30400,5,1,140
Plot  Area,BEL Layout,2 BHK,1375,2,1,105
Plot  Area,Sri Kanteshwara Nagar,3 BHK,1200,3,0,200
Built0up  Area,Bellari Road,2 BHK,900,2,1,45
Built0up  Area,Jyothi Nagar,2 BHK,600,2,1,23
Super built0up  Area,Tata Nagar,2 BHK,1364,2,2,70
Super built0up  Area,RK Layout 2nd Stage,3 BHK,1150,2,2,77.5
Super built0up  Area,Tirumanahalli,2 BHK,1146,2,1,39.5
Built0up  Area,Raghuvanahalli,1 BHK,900,1,1,30
Super built0up  Area,Geddalahalli,2 BHK,1400,2,2,65
Built0up  Area,Brindavan Nagar,3 BHK,1250,3,2,139
Built0up  Area,Mariyannapalya,2 BHK,900,2,3,46
Built0up  Area,Palace Road,3 BHK,1480,2,0,145
Super built0up  Area,Pulikeshi Nagar,3 BHK,2280,3,1,285
Super built0up  Area,Domlur Layout,3 BHK,2000,3,2,200
Super built0up  Area,Vijaya Bank Layout,3 BHK,2400,2,1,150
Super built0up  Area,Narayanappa Layout,5 BHK,950,5,1,90
Super built0up  Area,1Hanuman Nagar,19 BHK,2000,16,1,490
Super built0up  Area,Wilson Garden,2 BHK,1125,2,1,75
Plot  Area,Kumbhena Agrahara,6 BHK,1200,5,1,150
Built0up  Area,Challaghatta,3 BHK,1639,3,3,123
Super built0up  Area,Nyanappana Halli,2 BHK,920,2,3,37
Super built0up  Area,Indira Nagar 3rd Stage,3 BHK,1740,3,2,199
Built0up  Area,KR Garden,2 BHK,925,2,2,63
Plot  Area,Kanakadasa Layout,4 BHK,1200,3,1,95
Plot  Area,Mallathahalli,2 BHK,1200,2,0,79
Super built0up  Area,Jayamahal Extension,3 BHK,2500,3,1,270
Plot  Area,Laxminarayana Layout,4 BHK,1584,3,2,145
Built0up  Area,Sahyadri Layout,3 BHK,1750,3,1,180
Plot  Area,Mathikere SBM colony,2 BHK,1500,1,0,160
Plot  Area,"white field,kadugodi",6 BHK,2100,6,1,275
Built0up  Area,Bagalur,2 BHK,1200,2,3,50
Built0up  Area,Vinayak Nagar,1 BHK,705,1,2,36.5
Super built0up  Area,P Krishnappa Layout,3 BHK,1340,3,3,77
Super built0up  Area,Crimson Layout,2 BHK,1230,2,2,57
Built0up  Area,Hanumantha Nagar,4 BHK,1270,2,1,175
Built0up  Area,Bagalakunte,1 BHK,700,1,1,162
Super built0up  Area,Lavelle Road,3 BHK,2500,3,2,425
Plot  Area,Goraguntepalya,4 BHK,1200,4,1,150
Plot  Area,Rajankunte,3 BHK,3259,3,0,270
Super built0up  Area,6th Block Rajaji Nagar,4 BHK,3200,3,3,190
Super built0up  Area,MLA Layout,2 BHK,970,2,1,40
Super built0up  Area,Koramangala Industrial Layout,16 BHK,10000,16,1,550
Plot  Area,Kyalasanahalli,4 BHK,1200,4,3,110
Plot  Area,Nagadevanahalli,4 BHK,1350,4,2,145
Super built0up  Area,Madiwala,3 BHK,1250,3,2,39
Super built0up  Area,Rajarajeshwari Nagara,3 BHK,2000,3,2,85
Built0up  Area,Celebrity Paradise Layout,1 BHK,532,1,1,22.49
Super built0up  Area,St Thomas Town,3 BHK,1060,3,1,62
Super built0up  Area,Ckikkakammana Halli,2 BHK,902,2,2,42
Plot  Area,Banashankari 2nd Stage,6 BHK,600,3,3,95
Super built0up  Area,Munivenkatppa Layout,2 BHK,1550,2,3,160
Built0up  Area,Kamala Nagar,2 BHK,1000,2,1,80
Super built0up  Area,Kumarapalli,2 BHK,1240,2,2,52.6
Super built0up  Area,Marenahalli,3 BHK,1865,4,2,140
Built0up  Area,Nagawara Junction,4 BHK,3500,4,2,245
Super built0up  Area,Maithri Layout,2 BHK,1134,2,1,40
Super built0up  Area,Raja Rajeshwari Nagar 5th Stage,3 BHK,1320,2,2,73
Plot  Area,Nanjappa Garden,6 BHK,2150,6,3,205
Built0up  Area,Vayunandana Layout,5 BHK,2400,5,2,120
Plot  Area,Geetanjali Layout,4 BHK,1200,4,2,300
Plot  Area,Kenchenhalli,2 BHK,675,3,1,52
Super built0up  Area,"EPIP AREA, WHITEFIELD",3 BHK,1801,3,2,139
Built0up  Area,1st Stage Domlur,3 BHK,1350,2,2,65
Built0up  Area,"RMV extension stage 2, rmv extension",4 BHK,2990,4,1,324
Plot  Area,Kalhalli,2 BHK,2400,2,1,160
Plot  Area,Hadosiddapura,3 BHK,1200,3,2,165
Super built0up  Area,Vijaya Bank Colony,3 BHK,1400,2,2,62
Plot  Area,Lakkasandra,9 BHK,4500,9,1,166
Built0up  Area,"JP Nagar 8th Phase, ",3 BHK,1853,3,2,82
Super built0up  Area,Kachanayakanahalli,2 BHK,861,2,1,35
Built0up  Area,Nagaraja Garden,2 BHK,1256,2,1,62.8
Plot  Area,1 Annasandrapalya,11 BHK,1200,6,3,150
Built0up  Area,6th block Koramangala,3 BHK,2350,3,2,400
Built0up  Area,"JP nagar 9th Phase, ",3 BHK,1531,3,2,72
Super built0up  Area,4th Block Jayanagar,2 BHK,900,2,1,70
Plot  Area,Kuvempu Nagar,7 BHK,1650,9,1,345
Super built0up  Area,Karnataka Shabarimala,4 BHK,1200,6,3,70
Built0up  Area,Canara Bank Colony,3 BHK,1650,2,1,52
Built0up  Area,Hanumagiri,2 BHK,1100,2,1,38
Built0up  Area,Seshadripuram,2 BHK,600,3,2,75
Super built0up  Area,Akshayanagara West,2 BHK,1205,2,2,60
Plot  Area,Prasanth Extension,2 BHK,1200,3,1,46.14
Super built0up  Area,Chikkathoguru,1 BHK,1500,1,1,19.5
Plot  Area,West of Chord Road,2 BHK,1200,2,1,160
Plot  Area,Junnasandra,4 BHK,3884,4,3,240
Plot  Area,Handenahalli,4 BHK,4750,2,1,120
Super built0up  Area,manyata tech park,2 BHK,1150,2,1,56
Built0up  Area,Sarvabhouma Nagar,1 BHK,500,1,0,24
Plot  Area,SMV layout,3 BHK,1200,4,0,145
Plot  Area,CQAL LAYOUT C BLOCK,3 BHK,1200,3,1,160
Built0up  Area,"Near Electronic City, ",4 BHK,3200,5,1,150
Super built0up  Area,Banashankari stage 2,2 BHK,1030,2,1,77.25
Super built0up  Area,Doddanakundi Industrial Area 2,2 BHK,1512,1,2,65.01
Super built0up  Area,OLd Gurappanapalya,3 BHK,2000,3,2,160
Carpet  Area,Chikkadunnasandra,2 BHK,975,2,2,50
Super built0up  Area,Indranagar  100ft road defence colony,5 BHK,5800,5,1,80
Super built0up  Area,Wajid layout thanisandra,4 BHK,3000,5,2,100
Plot  Area,Achins Road,7 BHK,2100,7,0,410
Built0up  Area,Uvce Layout,2 BHK,1190,2,2,100
Super built0up  Area,Gattigere,2 BHK,1180,2,2,63
Plot  Area,Cottonpet,4 BHK,971,2,2,135
Plot  Area,singapura paradise,4 BHK,1200,4,1,140
Super built0up  Area,Kannur,3 BHK,1200,2,1,55
Built0up  Area,Sampangi Rama Nagar,2 BHK,1200,2,1,125
Super built0up  Area,BEML Layout 5th stage,3 BHK,2000,3,2,85
Super built0up  Area,Pragathi Nagar,2 BHK,1280,2,1,49.75
Built0up  Area,Ramesh Nagar,2 BHK,4200,1,2,160
Plot  Area,A Narayanapura,4 BHK,1150,3,1,110
Super built0up  Area,Amblipura,3 BHK,1810,4,3,148
Super built0up  Area,Rajarajeshwari nagar,3 BHK,1410,2,2,45.12
Super built0up  Area,Rajarajeshwarinagar,3 BHK,2000,3,2,85
Plot  Area,Jinkethimmanahalli,3 BHK,1500,2,1,130
Super built0up  Area,Vimanapura,3 BHK,2500,3,3,75
Plot  Area,1st Stage Radha Krishna Layout,6 BHK,1790,5,1,250
Built0up  Area,Bapuji Layout,8 BHK,1200,8,1,275
Super built0up  Area,Vasantapura main road,2 BHK,1037,2,1,36.28
Plot  Area,CQAL Layout,4 BHK,3811,3,2,475
Super built0up  Area,Venugopal Reddy Layout,3 BHK,1545,3,3,85
Built0up  Area,Lake City,2 BHK,780,2,1,35
Plot  Area,Lakshmipura,2 BHK,1350,2,1,110
Plot  Area,Old Town,8 BHK,750,8,1,200
Plot  Area,Okalipura,5 BHK,1200,4,3,120
Plot  Area,Maruthi Extension,5 BHK,2000,4,2,180
Plot  Area,Vidyapeeta,6 BHK,875,3,1,98
Plot  Area,Meenakshi Layout,8 BHK,1200,7,0,220
Super built0up  Area,S R Layout,2 BHK,1096,2,2,48
Super built0up  Area,GD Layout,2 BHK,1094,2,1,44
Plot  Area,Kithaganur,5 BHK,720,4,3,62
Plot  Area,Shirdi Sai Nagar,3 BHK,1200,3,0,85
Super built0up  Area,"JP Nagar 7th Phase, ",2 BHK,1150,2,1,74
Plot  Area,J C Nagar,3 BHK,1200,2,0,108
Super built0up  Area,Sadduguntepalya,2 BHK,1200,2,2,75
Built0up  Area,Doddakammanahalli,3 BHK,1550,2,1,60
Plot  Area,Bidrahalli,3 BHK,1800,2,0,72
Plot  Area,Medi Agrahara,4 BHK,1350,4,2,85
Super built0up  Area,whitefiled,2 BHK,935,2,1,32.73
Plot  Area,Subbannaiah Palya,2 BHK,600,3,2,85
Plot  Area,N R Layout,6 BHK,800,3,2,120
Built0up  Area,Richards Town,3 BHK,1550,3,2,160
Built0up  Area,Manorayana Palya,2 BHK,1140,2,2,52
Plot  Area,Madanayakahalli,2 BHK,1200,2,1,34
Plot  Area,Mahalakshmi Puram,6 BHK,2400,6,2,408
Built0up  Area,Jaladarsini Layout,2 BHK,1000,2,2,48
Plot  Area,Attur Layout,3 BHK,2400,4,2,200
Super built0up  Area,Brooke Bond First Cross,2 BHK,1252,2,2,55
Super built0up  Area,Glass Factory Layout,3 BHK,1450,3,3,68
Plot  Area,Milk Colony,4 BHK,1200,4,2,240
Plot  Area,"Basnashankari,6th stage,",3 BHK,600,3,1,54
Super built0up  Area,Near ullas theater,3 BHK,1900,3,2,205
Super built0up  Area,Chikkakannalli,3 BHK,1402,2,2,85
Super built0up  Area,Yeshwanthpur Industrial Suburb,3 BHK,2100,3,2,240
Plot  Area,Nandi Hills,4 BHK,5000,4,2,290
Super built0up  Area,Thanisandra main road,2 BHK,1804,2,1,285
Built0up  Area,Saptagiri Layout,2 BHK,1100,2,2,44
Super built0up  Area,Doddabanahalli,2 BHK,830,2,2,37
Built0up  Area, Electronic City,1 RK,435,1,1,19.5
Built0up  Area,Vijayabank bank layout,2 BHK,1100,2,1,48
Super built0up  Area,D Group Employees Layout,4 BHK,1200,4,1,230
Plot  Area,Hosahalli Extension,9 BHK,750,6,3,112
Super built0up  Area,1Channasandra,14 BHK,1250,15,0,125
Built0up  Area,"Whitefield, ",3 BHK,1745,3,2,77
Super built0up  Area,Kempegowda Nagar,3 BHK,1665,3,2,105
Plot  Area,Vaderahalli,4 BHK,2300,4,1,200
Plot  Area,4th Phase JP Nagar,5 BHK,2250,5,1,360
Carpet  Area,K R C kothanur,2 BHK,1140,2,3,45
Plot  Area,2nd Block Jayanagar,6 BHK,825,6,1,400
Plot  Area,Singanayakanahalli,3 BHK,1500,2,0,65
Plot  Area,Udaya Nagar,2 BHK,1000,1,1,75
Built0up  Area, Whitefield,1 RK,905,1,1,52
Plot  Area,Vaishnavi Layout,4 BHK,4830,5,1,390
Plot  Area,Housing Board Layout Vijay Nagar,8 BHK,1200,8,2,220
Super built0up  Area,Thomas Town,2 BHK,1250,2,1,59
Plot  Area,Manganahalli,6 BHK,800,6,2,98
Super built0up  Area,Indra Nagar,3 BHK,1550,3,2,258
Plot  Area,Ilyas Nagar,4 BHK,900,4,1,75
Built0up  Area,3rd Phase JP Nagar,3 BHK,1550,2,2,79
Super built0up  Area,kanakapura main road,2 BHK,1041,2,1,36.44
Super built0up  Area,Reliaable Tranquil Layout,3 BHK,1508,3,1,75
Super built0up  Area,Mailasandra,2 BHK,999,2,1,43.66
Plot  Area,Basvasamithi Layout Vidyaranyapura,4 BHK,900,4,3,175
Plot  Area,8th Block Jayanagar,2 BHK,2800,2,0,650
Super built0up  Area,Atmananda Colony,2 BHK,1127,2,2,55
Plot  Area,Baba Nagar,3 BHK,1200,3,3,96.25
Super built0up  Area,Badrappa Layout,2 BHK,1500,2,2,88
Built0up  Area,Lal Bahadur Shastri Nagar,2 BHK,856,2,1,48
Built0up  Area,Puttappa Layout,4 BHK,2675,4,2,290
Built0up  Area,"Ananthanagar Phase 1,Electronic City , phase 2",2 BHK,1016,2,1,45.9
Super built0up  Area,Bethel Nagar,2 BHK,960,2,1,33
Built0up  Area,Kirloskar Layout,3 BHK,1400,3,2,35
Plot  Area,tc.palya,2 BHK,1020,2,1,62
Super built0up  Area,Dollar Scheme Colony,4 BHK,3563,6,1,310
Super built0up  Area,Omarbagh Layout,4 BHK,3300,5,3,318
Plot  Area,anjananager magdi road,3 BHK,1200,3,1,165
Plot  Area,Kodipalya,4 BHK,1440,4,0,88
Super built0up  Area,Aishwarya Crystal Layout,3 BHK,2250,3,1,113
Super built0up  Area,DUO Layout,3 BHK,1643,3,2,75
Super built0up  Area,Srinivas Colony,3 BHK,4400,3,1,901
Built0up  Area,Moodalapalya,2 BHK,1150,2,2,69
Super built0up  Area,Gokaula Extension,3 BHK,1500,2,1,90
Plot  Area,Subash Nagar,2 BHK,900,2,0,55
Plot  Area,RTO ullalu,2 BHK,600,4,1,110
Super built0up  Area,Carmelaram,2 BHK,970,2,2,35
Built0up  Area,Hennur Bande,2 BHK,1100,2,1,78
Plot  Area,"ravindra nagar, T.dasarahalli peenya",2 BHK,1180,2,2,74
Super built0up  Area,1st Block BEL Layout,3 BHK,1540,3,2,85
Plot  Area,Prakruthi Township,6 BHK,800,8,1,150
Built0up  Area,Bennigana Halli,3 BHK,2000,3,1,145
Super built0up  Area,Seethappa Layout,2 BHK,850,2,1,42
Super built0up  Area,Langford Gardens,3 BHK,2777.29,5,2,650
Built0up  Area,"Bellandur, ",4 BHK,3160,4,3,206
Super built0up  Area,Marasandra,3 BHK,1840,3,3,85
Plot  Area,Kalkere Channasandra,2 BHK,1200,2,0,53
Super built0up  Area,Shakthi Nagar,2 BHK,1125,2,2,36
Plot  Area,Ullal Uppanagar,7 BHK,1200,7,2,169
Plot  Area, south,3 BHK,2400,2,0,480
Plot  Area,Rainbow Drive,3 BHK,1500,3,2,138
Built0up  Area,3rd Block Koramangala,3 BHK,1750,3,3,170
Super built0up  Area,Jakkasandra Extension,2 BHK,990,2,2,58
Built0up  Area,Ganesha Block,3 BHK,1810,3,3,118
Plot  Area,Malur Hosur Road,6 BHK,2800,4,3,100
Plot  Area,Lakshmipura Vidyaanyapura,8 BHK,3500,6,2,120
Built0up  Area,Hegganahalli,1 BHK,1200,2,1,45
Built0up  Area,Rajanna Layout,2 BHK,1116,2,1,37.6
Plot  Area,Nagarbhavi  BDA Complex,3 BHK,600,2,1,85
Plot  Area,Gidada Konnenahalli,6 BHK,600,4,2,105
Built0up  Area,Rahat Bagh,4 BHK,3900,5,1,550
Built0up  Area,Escorts Colony,5 BHK,2400,5,2,93
Plot  Area,"asha township, off hennur road",5 BHK,2400,5,3,285
Plot  Area,1A Block Koramangala,4 BHK,2360,4,1,650
Super built0up  Area,Near International Airport,4 BHK,2100,4,2,150
Super built0up  Area,NTI Layout,2 BHK,1200,2,2,52.5
Plot  Area,Fraser town,6 BHK,806,3,1,128
Super built0up  Area,Dasappa Layout,2 BHK,920,2,1,46
Super built0up  Area,Sonam Layout,2 BHK,905,2,1,50
Super built0up  Area,CR Layout,3 BHK,1495,3,1,200
Super built0up  Area,BTM 4th Stage,3 BHK,1455,2,2,55
Super built0up  Area,Arekempanahalli,3 BHK,1537,3,2,110
Built0up  Area,Chamundi Nagar,7 BHK,2800,7,1,250
Super built0up  Area,MRCR Layout,2 BHK,1191,2,1,90
Built0up  Area,Shettihalli,4 BHK,2100,4,1,90
Plot  Area,Gangondanahalli,3 BHK,396,2,0,48
Plot  Area,Ullal Road,4 BHK,3400,4,2,190
Plot  Area,Hullahalli,5 BHK,1200,5,2,99
Super built0up  Area,Jagajyothi layout,2 BHK,1250,2,3,58
Plot  Area,Lakkasandra Extension,5 BHK,1280,3,1,250
Super built0up  Area,Krishna Reddy Layout,3 BHK,1250,3,1,55
Plot  Area,Kuvempu Layout,3 BHK,2200,4,2,160
Built0up  Area,Chickpet,2 BHK,1220,2,0,48
Plot  Area,T G extension,2 BHK,1200,1,2,95
Plot  Area,2nd Block Koramangala,7 BHK,5400,5,1,972
Super built0up  Area,Devi Nagar,2 BHK,1100,2,1,61
Plot  Area,GKW Layout,4 BHK,1350,4,2,225
Plot  Area,Gandhi Nagar,5 BHK,1050,4,1,80
Plot  Area,Jnana Ganga Nagar,3 BHK,600,4,1,81
Super built0up  Area,rr nagar,2 BHK,1400,2,2,60
Plot  Area,Harohalli,2 BHK,2.09,2,0,200
Built0up  Area,Stage04 Bommanahalli,2 BHK,1250,2,1,58
Super built0up  Area,Venkateshpuram,2 BHK,625,2,1,24
Built0up  Area,"Judicial Layout, Kanakapura Road, ",3 BHK,1300,3,2,64
Built0up  Area,Mullur,3 BHK,2099,3,1,95
Super built0up  Area,J.P.nagar 6th Phase.Sarakki Nagar,4 BHK,2690,4,2,185
Super built0up  Area,Doddabele,2 BHK,750,2,1,36
Plot  Area,Sadahalli,3 BHK,3800,2,1,130
Super built0up  Area,Sathya Layout,3 BHK,1504,2,2,100
Plot  Area,5 BHK Farm House in Lakshmipura,5 BHK,240,6,2,550
Super built0up  Area,Shanti Nagar,3 BHK,1602,2,1,165
Plot  Area,2nd Stage Arekere Mico Layout,4 BHK,1200,4,1,130
Built0up  Area,Jayamahal,3 BHK,1800,3,1,220
Plot  Area,Veer Sandra,3 BHK,1500,3,0,72
Built0up  Area,Chennappa Layout,3 BHK,1280,2,1,48
Super built0up  Area,RMV Extension Stage 2,3 BHK,1862,3,3,120
Built0up  Area,Sadanand Nagar,3 BHK,2700,3,3,200
Built0up  Area,"Whietfield, ",3 BHK,1677,3,2,98
Plot  Area,BTM Layout 1stage 9th Main,7 BHK,600,6,2,138
Super built0up  Area,Lavakusha Nagar,3 BHK,1431,3,2,65
Super built0up  Area,Vittal Mallya Road,2 BHK,1030,2,2,300
Built0up  Area,Dena Bank Colony,3 BHK,1391,2,3,64.5
Plot  Area,Kadabagere,4 BHK,1200,4,2,86
Plot  Area,1st Block HBR Layout,5 BHK,2500,6,3,500
Super built0up  Area,High grounds,3 BHK,1900,2,2,190
Super built0up  Area,Kothnoor Dinne,2 BHK,1200,2,2,35
Plot  Area,Guddadahalli,4 BHK,1350,4,2,140
Super built0up  Area,Vasanthpura,3 BHK,995,2,2,34.82
Plot  Area,Kasthuri Nagar East Of NGEF,6 BHK,2400,7,1,460
Plot  Area,Chikka Gowdanapalya.,6 BHK,850,6,2,78
Super built0up  Area,"TR Mill Road, Chamarajpet",2 BHK,1175,2,2,79
Plot  Area,Nirman Layout,3 BHK,800,3,3,60
Built0up  Area,Chokkahalli,3 BHK,2000,3,1,90
Super built0up  Area,Telecom Layout,2 BHK,1200,1,1,54
Super built0up  Area,Vikram Nagar,2 BHK,950,2,2,38
Super built0up  Area,Virupakshapura,2 BHK,1075,2,1,55
Plot  Area,Muthyala Nagar,4 BHK,1200,4,2,165
Plot  Area,Nrupathunga Nagar,7 BHK,1200,5,0,80
Built0up  Area,Coconut Grove Layout,2 BHK,1007,2,2,43
Super built0up  Area,Amrita Nagar,6 BHK,4250,6,3,150
Super built0up  Area,RR Layout,3 BHK,1700,3,2,111
Built0up  Area,Billapura,3 BHK,1780,3,0,110
Built0up  Area,KHB Colony Extension,3 BHK,900,2,0,65
Plot  Area,Anjana Nagar,2 BHK,1530,2,1,185
Plot  Area,Subramanya Nagar,1 BHK,840,1,1,150
Super built0up  Area,Janatha Colony,3 BHK,1439,3,1,57.23
Super built0up  Area,Veersandra,2 BHK,1250,2,1,50
Built0up  Area,Harsha Layout,1 BHK,650,1,0,16
Super built0up  Area,Tigalarpalya,2 BHK,1150,2,1,60
Carpet  Area,2nd Block Bel Layout,3 BHK,1625,3,3,92
Super built0up  Area,sarjapura main road,4 BHK,2400,4,3,250
Plot  Area,Anekal 0 Hosur Road,4 BHK,2400,5,1,140
Built0up  Area,Ramamurthy Nagar Extension,3 BHK,1350,3,2,48.6
Plot  Area,"2nd phase jp nagar, jp nagar",3 BHK,1200,3,1,205
Built0up  Area,Manonarayanapalya,3 BHK,800,2,1,52
Super built0up  Area,M V Extenstion,6 BHK,900,5,1,100
Super built0up  Area,Kamdhenu Nagar,2 BHK,1000,2,1,46
Plot  Area,Ganganahalli,4 BHK,1050,4,0,90
Super built0up  Area,Narayanappa Garden,2 BHK,1475,2,1,70
Super built0up  Area,Rest House Road,5 BHK,4900,5,1,980
Built0up  Area,Ex0Servicemen Colony Dinnur Main Road R.T.Nagar,6 BHK,1034,6,2,101
Built0up  Area,Vijay Nagar,6 BHK,2300,7,0,160
Super built0up  Area,CMH Road,3 BHK,2665,3,1,350
Super built0up  Area,Ankappa Layout,3 BHK,1670,3,2,75
Super built0up  Area,Neelasandra,4 BHK,1140,3,1,145
Plot  Area,Yediyur,4 BHK,1140,3,2,225
Built0up  Area,Upadhyaya Layout,3 BHK,1300,2,1,67
Plot  Area,bsk 6th stage 2ad block near sri conversation hall,4 BHK,600,4,2,87
Plot  Area,"Annapoorneshwari Layout, JP nagar 7th phase",3 BHK,600,3,1,70
Plot  Area,Mudalpalaya,6 BHK,1050,4,2,155
Built0up  Area,elachenahalli,2 BHK,1258,2,0,58
Plot  Area,B K Nagar,6 BHK,2400,5,2,300
Super built0up  Area,Vivek Nagar,8 BHK,3000,4,3,130
Super built0up  Area, Basavangudi,1 RK,670,1,1,50
Plot  Area,"Banashankari 6th stage , 2nd block",3 BHK,600,4,1,100
Built0up  Area,KG Halli,1 BHK,375,1,0,26
Super built0up  Area,Cubbon Road,4 BHK,5422,6,1,1900
Built0up  Area,Veerabhadra Nagar,3 BHK,1800,2,2,100
Super built0up  Area,Vidhyanagar Cross,2 BHK,1100,2,2,32
Super built0up  Area,6th Block Jayanagar,3 BHK,2100,4,2,255
Super built0up  Area,Punappa Layout,3 BHK,1310,2,1,55
Super built0up  Area,Pampa Extension,2 BHK,993,2,3,45.5
Super built0up  Area, Sector 1 HSR Layout,1 BHK,6000,1,1,276
Plot  Area,Basaveswarnagar,6 BHK,2400,4,2,420
Super built0up  Area,Jaymahal Road,3 BHK,3400,3,3,400
Plot  Area,Nagarbhavi Garden Villas Layout,4 BHK,1200,3,1,180
Built0up  Area,Agrahara Dasarahalli,1 BHK,800,1,0,72
Super built0up  Area,T R Mill Road,3 BHK,1225,2,2,82
Super built0up  Area,Indira Nagar Stage 2,2 BHK,1196,2,1,96
Carpet  Area,Hommadevanahalli,2 BHK,927,2,1,50
Plot  Area,BTM Layout 2nd Stage 1st Phase,4 BHK,2400,5,2,395
Super built0up  Area,T C Palya main Road,2 BHK,1175,2,1,48.72
Super built0up  Area,1 Immadihalli,11 BHK,6000,12,1,150
Plot  Area,Navodaya Nagar,5 BHK,1200,3,2,180
Plot  Area,Guni Agrahara,7 BHK,1200,6,1,115
Super built0up  Area,Shankarapuram,4 BHK,3060,4,2,350
Super built0up  Area,Shetty Halli,1 BHK,800,1,2,32
Plot  Area,AGB Layout,7 BHK,3000,6,3,145
Super built0up  Area,Bilal Nagar,2 BHK,650,1,1,20
Plot  Area,Krishna Nagar,5 BHK,1000,4,2,90
Plot  Area,Suryanagar,2 BHK,1500,2,1,45
Super built0up  Area,Duvasapalya,2 BHK,1190,2,1,48.6
Built0up  Area,BCMC Layout,3 BHK,1600,2,2,88
Super built0up  Area,Kengeri Satellite Town Stage II,1 BHK,500,1,1,20
Super built0up  Area,Church Street,4 BHK,11000,4,1,1600
Built0up  Area,Uday Nagar,3 BHK,1650,3,1,110
Plot  Area,Chaitanya Ananya,4 BHK,1830,4,2,325
Plot  Area,Nagashetty Halli,2 BHK,840,1,1,99
Super built0up  Area,Byrasandra Extension,2 BHK,1285,2,2,45
Super built0up  Area,Sri Sai Layout,2 BHK,1000,2,2,35
Plot  Area,Devara Jeevanahalli,4 BHK,400,2,2,35
Built0up  Area,SK Garden,6 BHK,1850,3,0,175
Super built0up  Area,PNS Layout,2 BHK,1166,2,3,65
Built0up  Area,"Electronic city Phase 1, ",2 BHK,950,2,1,33
Super built0up  Area, Banaswadi,1 RK,527,1,0,35
Super built0up  Area,Naidu Layout,3 BHK,1350,3,2,81
Super built0up  Area,Sugama Layout,2 BHK,826,2,2,36
Plot  Area,Behind Don Bosco Church,4 BHK,1200,4,1,110
Super built0up  Area,Anugrah Layout,3 BHK,1567,3,1,100
Super built0up  Area,Bandepalya,2 BHK,1125,2,1,48
Plot  Area,poornaprajna layout,2 BHK,900,2,0,128
Plot  Area,Annapurneshwari Nagar,4 BHK,1200,5,2,270
Plot  Area,Somanna Garden,4 BHK,1350,4,2,160
Super built0up  Area,RPC layout,2 BHK,1200,2,1,67
Built0up  Area,"HSR Layout 7th sector, ",3 BHK,1872,3,2,152
Plot  Area,Bettadasanapura,5 BHK,1200,5,1,90
Built0up  Area,Gulimangala,3 BHK,1640,3,2,70
Super built0up  Area,Addischetan Layout,3 BHK,1495,3,2,55
Super built0up  Area,Konena Agrahara,2 BHK,1075,2,1,57
Super built0up  Area,Raghavendra Layout,3 BHK,1499,3,2,89
Super built0up  Area,Varsova Layout,3 BHK,1280,2,3,55
Super built0up  Area,Bhattarahalli,2 BHK,905,2,2,50
Plot  Area,Bande Nallasandra,3 BHK,2400,4,1,130
Built0up  Area,HAL Layout,3 BHK,1675,3,2,65
Plot  Area,Vidya Nagar,2 BHK,3760,2,0,280
Plot  Area,Shingapura,1 BHK,1350,2,0,45
Super built0up  Area,SHANTHINAGAR,3 BHK,1500,3,1,95
Plot  Area,Jay an agar 4 T Block,4 BHK,750,4,2,120
Super built0up  Area,Satyasaibaba Layout,2 BHK,1190,2,3,42.25
Built0up  Area,Queens Road,3 BHK,1405,3,0,169
Plot  Area,Koppa,3 BHK,720,3,1,48
Super built0up  Area,Jagadish Nagar,3 BHK,1465,2,2,88
Super built0up  Area,3rd Phase Iti Layout,2 BHK,1145,2,1,63
Plot  Area,"Ananthapura, T C palaya Main Road",2 BHK,680,3,2,60
Super built0up  Area,Phase 1 Kammasandra,2 BHK,982,2,1,25
Plot  Area,Deepanjali Nagar,3 BHK,2320,2,0,160
Plot  Area,SARJAPUR BAGALUR ROAD,4 BHK,10961,4,1,80
Plot  Area,B Y Raveshwara Nagar,4 BHK,1200,2,1,140
Super built0up  Area,KEB Colony,2 BHK,1040,2,2,36.84
Super built0up  Area,HOSUR RMAIN ROAD,3 BHK,1464,3,2,56
Super built0up  Area,Konappana Agrahara,2 BHK,1060,2,1,42.5
Super built0up  Area,Rajasree Layout,3 BHK,1420,3,3,70
Super built0up  Area,Vinayaka Layout,5 BHK,2700,4,1,170
Super built0up  Area,Thirumalashettyhally,2 BHK,1077,2,1,34.46
Plot  Area,Bharathnagar,2 BHK,1245,2,1,120
Built0up  Area,5th Block Jayanagar,1 BHK,1500,1,1,300
Super built0up  Area,"Jayanagar, ",3 BHK,1903,3,2,165
Super built0up  Area,Asthagrama Layout,2 BHK,1200,2,2,38
Super built0up  Area,Rajarajesheari nagar,2 BHK,1400,2,1,44.8
Built0up  Area,Millers Road,3 BHK,2850,4,3,460
Plot  Area,2nd Block Hbr Layout,5 BHK,950,5,2,55
Plot  Area,Madavara,4 BHK,612,3,0,47
Super built0up  Area,Dwaraka Nagar,3 BHK,1300,2,1,51
Super built0up  Area,Garebhavipalya,3 BHK,1275,3,2,55
Built0up  Area,Neelamangala,2 BHK,1163,2,2,68
Super built0up  Area,Banashankari 6th Stage,2 BHK,1330,2,2,80
Plot  Area,Brindavan Layout,4 BHK,2200,2,0,150
Super built0up  Area,Chambenahalli,2 BHK,1170,2,3,50
Super built0up  Area,cooketown,3 BHK,1900,3,2,190
Super built0up  Area,Kathriguppe IV Phase,3 BHK,1630,3,2,131
Plot  Area,Ramchandrapuram,4 BHK,600,4,2,60
Super built0up  Area,1Hoysalanagar,13 BHK,5425,13,0,275
Plot  Area,PC Palaya,2 BHK,900,2,1,48
Super built0up  Area,Soppahalli,1 BHK,620,1,1,25
Super built0up  Area,Aavalahalli,2 BHK,1180,2,3,41.94
Plot  Area,Jayanti Nagar,2 BHK,1200,3,1,70
Built0up  Area,Virudhu Nagar,2 BHK,1130,2,2,68
Plot  Area,kamanahalli main road,3 BHK,857,3,2,95
Plot  Area,7th Block Koramangala,6 BHK,600,5,3,130
Built0up  Area,Prakash Nagar,2 BHK,800,2,2,55
Plot  Area,Bharat Nagar,3 BHK,1500,4,2,180
Super built0up  Area,Ramanashree Enclave,2 BHK,1275,2,2,49.5
Plot  Area,"Yelahanka,MVIT college",1 BHK,10030,1,1,150
Super built0up  Area,Chikku Lakshmaiah Layout,3 BHK,2300,3,2,280
Built0up  Area,Gnana Bharathi,9 BHK,3200,8,1,130
Plot  Area,Pillahalli,3 BHK,1900,2,1,92
Super built0up  Area,Ashok Nagar,2 BHK,703,2,1,60
Plot  Area,Gollarahatti,4 BHK,740,2,1,24.5
Plot  Area,Venkateswara Nagar,1 BHK,600,1,0,20
Plot  Area,Chikkagubbi,4 BHK,4382,4,3,400
Super built0up  Area,Banashankari 2 nd Stage,3 BHK,1030,2,2,77.25
Super built0up  Area,Kammagondahalli,2 BHK,1263,2,1,51.5
Super built0up  Area,Nanjappa Layout Vidyaranyapura,5 BHK,1200,4,2,115
Super built0up  Area,Rammana Layout,3 BHK,2000,3,2,100
Built0up  Area,Rajapura,2 BHK,1000,2,0,50
Super built0up  Area,Raja Rajeshwari Nagara,3 BHK,1537,3,2,81
Plot  Area,Govindapura,4 BHK,702,4,0,65
Super built0up  Area,Thirupalya,2 BHK,1025,2,1,65
Super built0up  Area,Off Bannergatta road,4 BHK,2180,4,3,115
Plot  Area,Hoskote near,2 BHK,600,2,2,29.5
Built0up  Area,"Haralur Road, ",4 BHK,2597,4,3,189
Super built0up  Area,Adugodi,2 BHK,1201,2,1,65
Plot  Area,RK Colony,9 BHK,1200,9,3,230
Plot  Area,2 BHK Furnished Farm House in Kolar Road,2 BHK,1250000,2,2,200
Plot  Area,kg halli jalhalli west,3 BHK,980,3,1,80
Super built0up  Area,Vasatha Vallbha Nagar,2 BHK,1080,2,1,37.8
Super built0up  Area,BAGUR ROAD,3 BHK,1200,2,2,35
Built0up  Area,Balepet,6 BHK,499,5,0,89
Built0up  Area,Annasandrapalya,4 BHK,3500,4,0,150
Plot  Area,RMC YARD,7 BHK,1900,3,0,162
Built0up  Area,"Panathur Road, ",1 BHK,936,1,0,53
Super built0up  Area,Shanthi Pura,2 BHK,800,2,1,32
Super built0up  Area,Viviani Road,3 BHK,2214,3,2,350
Built0up  Area,Sampangirama Nagar,5 BHK,2760,5,1,140
Plot  Area,Doctor Layout Rayasandra,2 BHK,2260,3,1,90
Super built0up  Area,Anwar Layout,1 BHK,660,1,0,32.39
Super built0up  Area,Pillanna Gardens,2 BHK,550,1,1,20
Plot  Area,AECS LAYOUT A0BLOCK Singasandra,5 BHK,1200,5,1,225
Built0up  Area,Banashankari Stage I,5 BHK,3000,4,3,170
Plot  Area,4th Block HBR Layout,5 BHK,1200,5,2,138
Plot  Area,Michael Palaya,3 BHK,1200,3,0,200
Super built0up  Area,RBI Layout,3 BHK,1460,2,2,87
Built0up  Area,Akash Nagar,2 BHK,967,2,1,47.8
Super built0up  Area,Shauhardha Layout,1 BHK,509,1,1,20
Carpet  Area,Bhoopsandra,3 BHK,2050,3,2,135
Built0up  Area,Anathanagar,2 BHK,1050,2,2,45
Super built0up  Area,vinayakanagar,7 BHK,1200,5,2,200
Plot  Area,Jaraganahalli Jp Nagar Post,4 BHK,600,4,3,65
Plot  Area,adigondanhalli,2 BHK,1200,1,0,42
Super built0up  Area,Kanakapura  Rod,3 BHK,1305,2,1,45.68
Super built0up  Area,Richmond Road,3 BHK,3500,3,1,630
Plot  Area,Postal Colony,3 BHK,1500,2,1,200
Plot  Area,"MEI layout, Bagalgunte",3 BHK,1200,2,0,90
Built0up  Area,Jeevanhalli,4 BHK,1200,2,2,35
Plot  Area,"Gubbi Cross, Hennur Main Road",4 BHK,3600,4,2,300
Plot  Area,Sabari Nagar,2 BHK,1120,2,0,60
Super built0up  Area,Ashraya Layout,6 BHK,5100,7,1,225
Plot  Area,Arishinakunte,1 BHK,38000,1,0,170
Built0up  Area,Infantry Road,4 BHK,2170,3,2,265
Super built0up  Area,Whitefield ECC Road,2 BHK,1225,2,2,71.05
Plot  Area,Maruthi nagar kogilu,2 BHK,1200,3,0,78
Super built0up  Area,Ayappa Nagar,3 BHK,1449,3,1,72
Super built0up  Area,Billamaranahalli,2 BHK,1100,2,3,55
Plot  Area,Prasanti Nagar,4 BHK,1200,4,1,190
Built0up  Area,"Banasawadi, ",3 BHK,2312,3,2,156
Super built0up  Area,Sunkan palya,2 BHK,927,2,2,37
Plot  Area,Gayathri Nagar,2 BHK,880,1,0,90
Super built0up  Area,Old Mangammanapalya Road,3 BHK,3200,4,2,140
Plot  Area,1Kasavanhalli,18 BHK,1200,18,1,200
Built0up  Area,"Kanakapura Road, ",3 BHK,1884,3,2,95
Plot  Area,Hal old airport road,3 BHK,1200,3,2,110
Plot  Area,arudi,3 BHK,6000,2,0,80
Super built0up  Area,Anantapuram,3 BHK,1495,2,1,63
Super built0up  Area,Javarandoddi,1 BHK,648,1,1,40
Plot  Area,Vijaypura,4 BHK,1200,5,1,150
Plot  Area,Bapuji Nagar,4 BHK,1125,3,2,126
Super built0up  Area,Amam Enclave Layout,2 BHK,975,2,1,55
Built0up  Area,Allalasandra,2 BHK,560,2,1,22
Plot  Area,Ramanagara Channapatna,4 BHK,1200,2,1,75
Built0up  Area,Maheswari Nagar,2 BHK,1000,2,2,60
Plot  Area,Hsr layout sector3,4 BHK,1200,4,3,375
Built0up  Area,Thyagraj Nagar,2 BHK,660,2,0,76
Super built0up  Area,Banagirinagar,3 BHK,1630,2,2,130
Plot  Area,Medaralli,4 BHK,1344,4,1,84
Built0up  Area,Versova Layout,3 BHK,2020,3,3,270
Built0up  Area,Chikkajala,1 BHK,850,1,0,50
Super built0up  Area,Udayagiri,3 BHK,1145,2,2,60
Super built0up  Area,pavitra paradise,3 BHK,2200,2,1,190
Super built0up  Area,kadubisnahalli,2 BHK,1160,2,2,57
Built0up  Area,Rahmath Nagar,3 BHK,1400,3,2,98
Built0up  Area,Chikkanahalli,2 BHK,1052,2,2,52
Plot  Area,Halanayakanahalli,3 BHK,1520,3,1,165
Plot  Area,Park View Layout,4 BHK,600,4,1,70
Plot  Area,Xavier Layout,3 BHK,1524,4,2,400
Super built0up  Area,Air View Colony,2 BHK,1100,2,1,58.5
Plot  Area,akshaya nagar t c palya,4 BHK,1200,4,0,120
Plot  Area,mvj engineering college,3 BHK,1200,3,1,56.53
Super built0up  Area,Raja Rajashweri Nagar,3 BHK,1410,2,2,45.12
Super built0up  Area,basaveshwarnagar,3 BHK,1250,2,1,70
Super built0up  Area,"Banashankari 3rd stage, Vivekanandanagar",3 BHK,1600,3,1,100
Plot  Area,Annaiah Reddy Layout,1 BHK,540,1,0,22
Super built0up  Area,manyata,2 BHK,1169,2,1,50.11
Super built0up  Area,LIC Colony,2 BHK,1200,2,1,115
Built0up  Area,Mallappa Layout,3 BHK,1500,3,2,75
Built0up  Area,3rd Stage Raja Rajeshwari Nagar,2 BHK,1300,3,1,65
Super built0up  Area,Dominic Layout,3 BHK,1115,3,1,39.14
Super built0up  Area,KAMAKIYA,3 BHK,1650,3,2,135
Super built0up  Area,Wheelers Road,2 BHK,925,2,1,68
Plot  Area,MM Layout,4 BHK,350,3,1,45
Super built0up  Area,Devarabeesana Halli,3 BHK,1738,3,2,110
Plot  Area,"beml layout, basaveshwara nagar",3 BHK,2400,2,1,360
Super built0up  Area,Sadhguru Layout,1 BHK,2559,1,1,55
Super built0up  Area,Chikbasavanapura,2 BHK,1220,2,2,60
Super built0up  Area,Chuchangatta Colony,3 BHK,1250,3,2,44
Super built0up  Area,Hanuman Nagar,3 BHK,2072,3,2,108
Super built0up  Area,Kengeri Satellite Town KHB Apartment,3 BHK,1100,2,2,45
Plot  Area,Subhash Nagar,4 BHK,1200,4,1,110
Super built0up  Area,Jogupalya,3 BHK,1800,3,1,130
Built0up  Area,Doddanakunte,5 BHK,2700,5,2,150
Super built0up  Area,Duddanahalli,3 BHK,1340,2,2,47
Plot  Area,"Beml layout, Rajarajeshwari nagar",4 BHK,1200,5,1,325
Built0up  Area,Gulakamale,2 BHK,1200,2,3,50
Super built0up  Area,Jakkasandra,3 BHK,1600,3,2,102
Super built0up  Area,Chellikere,2 BHK,1088,2,2,46
Super built0up  Area,Zuzuvadi,3 BHK,1200,3,3,75
Super built0up  Area,Kanakapura main  Road,3 BHK,1495,2,2,52.33
Plot  Area,Masjid e Alkareem,5 BHK,900,4,1,62
Super built0up  Area,Sindhi Colony,5 BHK,5665.84,7,1,988
Super built0up  Area,Kanakapur main road,2 BHK,1025,2,2,43.04
Plot  Area,Prasanna layout Herohalli,6 BHK,1800,5,1,140
Built0up  Area,Sarvobhogam Nagar,3 BHK,1490,3,0,140
Plot  Area,Pattegarhpalya,8 BHK,1200,8,0,140
Super built0up  Area,Tilak Nagar,1 BHK,250,2,2,40
Super built0up  Area,12th cross srinivas nagar banshankari 3rd stage,1 BHK,1800,1,1,200
Plot  Area,Havanur extension,3 BHK,2000,2,2,360
Built0up  Area,Abshot Layout,2 BHK,1140,1,1,185
